Message Name,Channel,ID,Length,Data Bytes
StartSession,CAN,0x7E0,8,02 10 03 00 00 00 00 00
RequestDownload,CAN,0x7E0,8,07 34 00 01 00 00 34 D4
TransferData[1],CAN,0x7E0,8,06 36 01 00 70 00 20 00
TransferData[2],CAN,0x7E0,8,06 36 02 01 04 01 00 00
TransferData[3],CAN,0x7E0,8,06 36 03 69 04 01 00 00
TransferData[4],CAN,0x7E0,8,06 36 04 69 04 01 00 00
TransferData[5],CAN,0x7E0,8,06 36 05 69 04 01 00 00
TransferData[6],CAN,0x7E0,8,06 36 06 69 04 01 00 00
TransferData[7],CAN,0x7E0,8,06 36 07 69 04 01 00 00
TransferData[8],CAN,0x7E0,8,06 36 08 00 00 00 00 00
TransferData[9],CAN,0x7E0,8,06 36 09 00 00 00 00 00
TransferData[10],CAN,0x7E0,8,06 36 0A 00 00 00 00 00
TransferData[11],CAN,0x7E0,8,06 36 0B 00 00 00 00 00
TransferData[12],CAN,0x7E0,8,06 36 0C 69 04 01 00 00
TransferData[13],CAN,0x7E0,8,06 36 0D 69 04 01 00 00
TransferData[14],CAN,0x7E0,8,06 36 0E 00 00 00 00 00
TransferData[15],CAN,0x7E0,8,06 36 0F 69 04 01 00 00
TransferData[16],CAN,0x7E0,8,06 36 10 01 2E 01 00 00
TransferData[17],CAN,0x7E0,8,06 36 11 6B 1A 01 00 00
TransferData[18],CAN,0x7E0,8,06 36 12 75 1A 01 00 00
TransferData[19],CAN,0x7E0,8,06 36 13 7F 1A 01 00 00
TransferData[20],CAN,0x7E0,8,06 36 14 89 1A 01 00 00
TransferData[21],CAN,0x7E0,8,06 36 15 93 1A 01 00 00
TransferData[22],CAN,0x7E0,8,06 36 16 9D 1A 01 00 00
TransferData[23],CAN,0x7E0,8,06 36 17 A7 1A 01 00 00
TransferData[24],CAN,0x7E0,8,06 36 18 B1 1A 01 00 00
TransferData[25],CAN,0x7E0,8,06 36 19 BB 1A 01 00 00
TransferData[26],CAN,0x7E0,8,06 36 1A C5 1A 01 00 00
TransferData[27],CAN,0x7E0,8,06 36 1B CF 1A 01 00 00
TransferData[28],CAN,0x7E0,8,06 36 1C D9 1A 01 00 00
TransferData[29],CAN,0x7E0,8,06 36 1D E3 1A 01 00 00
TransferData[30],CAN,0x7E0,8,06 36 1E ED 1A 01 00 00
TransferData[31],CAN,0x7E0,8,06 36 1F F7 1A 01 00 00
TransferData[32],CAN,0x7E0,8,06 36 20 01 1B 01 00 00
TransferData[33],CAN,0x7E0,8,06 36 21 0B 1B 01 00 00
TransferData[34],CAN,0x7E0,8,06 36 22 69 04 01 00 00
TransferData[35],CAN,0x7E0,8,06 36 23 69 04 01 00 00
TransferData[36],CAN,0x7E0,8,06 36 24 69 04 01 00 00
TransferData[37],CAN,0x7E0,8,06 36 25 69 04 01 00 00
TransferData[38],CAN,0x7E0,8,06 36 26 69 04 01 00 00
TransferData[39],CAN,0x7E0,8,06 36 27 69 04 01 00 00
TransferData[40],CAN,0x7E0,8,06 36 28 69 04 01 00 00
TransferData[41],CAN,0x7E0,8,06 36 29 69 04 01 00 00
TransferData[42],CAN,0x7E0,8,06 36 2A 69 04 01 00 00
TransferData[43],CAN,0x7E0,8,06 36 2B 69 04 01 00 00
TransferData[44],CAN,0x7E0,8,06 36 2C 69 04 01 00 00
TransferData[45],CAN,0x7E0,8,06 36 2D 69 04 01 00 00
TransferData[46],CAN,0x7E0,8,06 36 2E 69 04 01 00 00
TransferData[47],CAN,0x7E0,8,06 36 2F 69 04 01 00 00
TransferData[48],CAN,0x7E0,8,06 36 30 69 04 01 00 00
TransferData[49],CAN,0x7E0,8,06 36 31 69 04 01 00 00
TransferData[50],CAN,0x7E0,8,06 36 32 69 04 01 00 00
TransferData[51],CAN,0x7E0,8,06 36 33 69 04 01 00 00
TransferData[52],CAN,0x7E0,8,06 36 34 69 04 01 00 00
TransferData[53],CAN,0x7E0,8,06 36 35 69 04 01 00 00
TransferData[54],CAN,0x7E0,8,06 36 36 69 04 01 00 00
TransferData[55],CAN,0x7E0,8,06 36 37 69 04 01 00 00
TransferData[56],CAN,0x7E0,8,06 36 38 69 04 01 00 00
TransferData[57],CAN,0x7E0,8,06 36 39 69 04 01 00 00
TransferData[58],CAN,0x7E0,8,06 36 3A 69 04 01 00 00
TransferData[59],CAN,0x7E0,8,06 36 3B 69 04 01 00 00
TransferData[60],CAN,0x7E0,8,06 36 3C 69 04 01 00 00
TransferData[61],CAN,0x7E0,8,06 36 3D 69 04 01 00 00
TransferData[62],CAN,0x7E0,8,06 36 3E 69 04 01 00 00
TransferData[63],CAN,0x7E0,8,06 36 3F 69 04 01 00 00
TransferData[64],CAN,0x7E0,8,06 36 40 69 04 01 00 00
TransferData[65],CAN,0x7E0,8,06 36 41 69 04 01 00 00
TransferData[66],CAN,0x7E0,8,06 36 42 69 04 01 00 00
TransferData[67],CAN,0x7E0,8,06 36 43 69 04 01 00 00
TransferData[68],CAN,0x7E0,8,06 36 44 69 04 01 00 00
TransferData[69],CAN,0x7E0,8,06 36 45 69 04 01 00 00
TransferData[70],CAN,0x7E0,8,06 36 46 69 04 01 00 00
TransferData[71],CAN,0x7E0,8,06 36 47 69 04 01 00 00
TransferData[72],CAN,0x7E0,8,06 36 48 69 04 01 00 00
TransferData[73],CAN,0x7E0,8,06 36 49 69 04 01 00 00
TransferData[74],CAN,0x7E0,8,06 36 4A 69 04 01 00 00
TransferData[75],CAN,0x7E0,8,06 36 4B 69 04 01 00 00
TransferData[76],CAN,0x7E0,8,06 36 4C 69 04 01 00 00
TransferData[77],CAN,0x7E0,8,06 36 4D 69 04 01 00 00
TransferData[78],CAN,0x7E0,8,06 36 4E 69 04 01 00 00
TransferData[79],CAN,0x7E0,8,06 36 4F 69 04 01 00 00
TransferData[80],CAN,0x7E0,8,06 36 50 69 04 01 00 00
TransferData[81],CAN,0x7E0,8,06 36 51 69 04 01 00 00
TransferData[82],CAN,0x7E0,8,06 36 52 69 04 01 00 00
TransferData[83],CAN,0x7E0,8,06 36 53 69 04 01 00 00
TransferData[84],CAN,0x7E0,8,06 36 54 69 04 01 00 00
TransferData[85],CAN,0x7E0,8,06 36 55 69 04 01 00 00
TransferData[86],CAN,0x7E0,8,06 36 56 69 04 01 00 00
TransferData[87],CAN,0x7E0,8,06 36 57 69 04 01 00 00
TransferData[88],CAN,0x7E0,8,06 36 58 69 04 01 00 00
TransferData[89],CAN,0x7E0,8,06 36 59 69 04 01 00 00
TransferData[90],CAN,0x7E0,8,06 36 5A 69 04 01 00 00
TransferData[91],CAN,0x7E0,8,06 36 5B 69 04 01 00 00
TransferData[92],CAN,0x7E0,8,06 36 5C 69 04 01 00 00
TransferData[93],CAN,0x7E0,8,06 36 5D 69 04 01 00 00
TransferData[94],CAN,0x7E0,8,06 36 5E 69 04 01 00 00
TransferData[95],CAN,0x7E0,8,06 36 5F 15 21 01 00 00
TransferData[96],CAN,0x7E0,8,06 36 60 1F 21 01 00 00
TransferData[97],CAN,0x7E0,8,06 36 61 29 21 01 00 00
TransferData[98],CAN,0x7E0,8,06 36 62 33 21 01 00 00
TransferData[99],CAN,0x7E0,8,06 36 63 3D 21 01 00 00
TransferData[100],CAN,0x7E0,8,06 36 64 69 04 01 00 00
TransferData[101],CAN,0x7E0,8,06 36 65 69 04 01 00 00
TransferData[102],CAN,0x7E0,8,06 36 66 47 21 01 00 00
TransferData[103],CAN,0x7E0,8,06 36 67 51 21 01 00 00
TransferData[104],CAN,0x7E0,8,06 36 68 69 04 01 00 00
TransferData[105],CAN,0x7E0,8,06 36 69 5B 21 01 00 00
TransferData[106],CAN,0x7E0,8,06 36 6A 69 04 01 00 00
TransferData[107],CAN,0x7E0,8,06 36 6B 69 04 01 00 00
TransferData[108],CAN,0x7E0,8,06 36 6C 69 04 01 00 00
TransferData[109],CAN,0x7E0,8,06 36 6D 65 21 01 00 00
TransferData[110],CAN,0x7E0,8,06 36 6E 6F 21 01 00 00
TransferData[111],CAN,0x7E0,8,06 36 6F 69 04 01 00 00
TransferData[112],CAN,0x7E0,8,06 36 70 79 21 01 00 00
TransferData[113],CAN,0x7E0,8,06 36 71 69 04 01 00 00
TransferData[114],CAN,0x7E0,8,06 36 72 69 04 01 00 00
TransferData[115],CAN,0x7E0,8,06 36 73 69 04 01 00 00
TransferData[116],CAN,0x7E0,8,06 36 74 69 04 01 00 00
TransferData[117],CAN,0x7E0,8,06 36 75 69 04 01 00 00
TransferData[118],CAN,0x7E0,8,06 36 76 69 04 01 00 00
TransferData[119],CAN,0x7E0,8,06 36 77 69 04 01 00 00
TransferData[120],CAN,0x7E0,8,06 36 78 69 04 01 00 00
TransferData[121],CAN,0x7E0,8,06 36 79 69 04 01 00 00
TransferData[122],CAN,0x7E0,8,06 36 7A 69 04 01 00 00
TransferData[123],CAN,0x7E0,8,06 36 7B 69 04 01 00 00
TransferData[124],CAN,0x7E0,8,06 36 7C 69 04 01 00 00
TransferData[125],CAN,0x7E0,8,06 36 7D 69 04 01 00 00
TransferData[126],CAN,0x7E0,8,06 36 7E 69 04 01 00 00
TransferData[127],CAN,0x7E0,8,06 36 7F 69 04 01 00 00
TransferData[128],CAN,0x7E0,8,06 36 80 69 04 01 00 00
TransferData[129],CAN,0x7E0,8,06 36 81 69 04 01 00 00
TransferData[130],CAN,0x7E0,8,06 36 82 69 04 01 00 00
TransferData[131],CAN,0x7E0,8,06 36 83 69 04 01 00 00
TransferData[132],CAN,0x7E0,8,06 36 84 69 04 01 00 00
TransferData[133],CAN,0x7E0,8,06 36 85 69 04 01 00 00
TransferData[134],CAN,0x7E0,8,06 36 86 69 04 01 00 00
TransferData[135],CAN,0x7E0,8,06 36 87 69 04 01 00 00
TransferData[136],CAN,0x7E0,8,06 36 88 69 04 01 00 00
TransferData[137],CAN,0x7E0,8,06 36 89 69 04 01 00 00
TransferData[138],CAN,0x7E0,8,06 36 8A 69 04 01 00 00
TransferData[139],CAN,0x7E0,8,06 36 8B 69 04 01 00 00
TransferData[140],CAN,0x7E0,8,06 36 8C 69 04 01 00 00
TransferData[141],CAN,0x7E0,8,06 36 8D 69 04 01 00 00
TransferData[142],CAN,0x7E0,8,06 36 8E 69 04 01 00 00
TransferData[143],CAN,0x7E0,8,06 36 8F 69 04 01 00 00
TransferData[144],CAN,0x7E0,8,06 36 90 69 04 01 00 00
TransferData[145],CAN,0x7E0,8,06 36 91 69 04 01 00 00
TransferData[146],CAN,0x7E0,8,06 36 92 69 04 01 00 00
TransferData[147],CAN,0x7E0,8,06 36 93 69 04 01 00 00
TransferData[148],CAN,0x7E0,8,06 36 94 69 04 01 00 00
TransferData[149],CAN,0x7E0,8,06 36 95 69 04 01 00 00
TransferData[150],CAN,0x7E0,8,06 36 96 69 04 01 00 00
TransferData[151],CAN,0x7E0,8,06 36 97 69 04 01 00 00
TransferData[152],CAN,0x7E0,8,06 36 98 69 04 01 00 00
TransferData[153],CAN,0x7E0,8,06 36 99 69 04 01 00 00
TransferData[154],CAN,0x7E0,8,06 36 9A 69 04 01 00 00
TransferData[155],CAN,0x7E0,8,06 36 9B 69 04 01 00 00
TransferData[156],CAN,0x7E0,8,06 36 9C 69 04 01 00 00
TransferData[157],CAN,0x7E0,8,06 36 9D 69 04 01 00 00
TransferData[158],CAN,0x7E0,8,06 36 9E 69 04 01 00 00
TransferData[159],CAN,0x7E0,8,06 36 9F 69 04 01 00 00
TransferData[160],CAN,0x7E0,8,06 36 A0 69 04 01 00 00
TransferData[161],CAN,0x7E0,8,06 36 A1 69 04 01 00 00
TransferData[162],CAN,0x7E0,8,06 36 A2 69 04 01 00 00
TransferData[163],CAN,0x7E0,8,06 36 A3 69 04 01 00 00
TransferData[164],CAN,0x7E0,8,06 36 A4 69 04 01 00 00
TransferData[165],CAN,0x7E0,8,06 36 A5 69 04 01 00 00
TransferData[166],CAN,0x7E0,8,06 36 A6 69 04 01 00 00
TransferData[167],CAN,0x7E0,8,06 36 A7 69 04 01 00 00
TransferData[168],CAN,0x7E0,8,06 36 A8 69 04 01 00 00
TransferData[169],CAN,0x7E0,8,06 36 A9 69 04 01 00 00
TransferData[170],CAN,0x7E0,8,06 36 AA 69 04 01 00 00
TransferData[171],CAN,0x7E0,8,06 36 AB 69 04 01 00 00
TransferData[172],CAN,0x7E0,8,06 36 AC 69 04 01 00 00
TransferData[173],CAN,0x7E0,8,06 36 AD 69 04 01 00 00
TransferData[174],CAN,0x7E0,8,06 36 AE 69 04 01 00 00
TransferData[175],CAN,0x7E0,8,06 36 AF 69 04 01 00 00
TransferData[176],CAN,0x7E0,8,06 36 B0 69 04 01 00 00
TransferData[177],CAN,0x7E0,8,06 36 B1 69 04 01 00 00
TransferData[178],CAN,0x7E0,8,06 36 B2 69 04 01 00 00
TransferData[179],CAN,0x7E0,8,06 36 B3 69 04 01 00 00
TransferData[180],CAN,0x7E0,8,06 36 B4 69 04 01 00 00
TransferData[181],CAN,0x7E0,8,06 36 B5 69 04 01 00 00
TransferData[182],CAN,0x7E0,8,06 36 B6 69 04 01 00 00
TransferData[183],CAN,0x7E0,8,06 36 B7 69 04 01 00 00
TransferData[184],CAN,0x7E0,8,06 36 B8 69 04 01 00 00
TransferData[185],CAN,0x7E0,8,06 36 B9 69 04 01 00 00
TransferData[186],CAN,0x7E0,8,06 36 BA 69 04 01 00 00
TransferData[187],CAN,0x7E0,8,06 36 BB 69 04 01 00 00
TransferData[188],CAN,0x7E0,8,06 36 BC 69 04 01 00 00
TransferData[189],CAN,0x7E0,8,06 36 BD 69 04 01 00 00
TransferData[190],CAN,0x7E0,8,06 36 BE 69 04 01 00 00
TransferData[191],CAN,0x7E0,8,06 36 BF 69 04 01 00 00
TransferData[192],CAN,0x7E0,8,06 36 C0 69 04 01 00 00
TransferData[193],CAN,0x7E0,8,06 36 C1 69 04 01 00 00
TransferData[194],CAN,0x7E0,8,06 36 C2 69 04 01 00 00
TransferData[195],CAN,0x7E0,8,06 36 C3 69 04 01 00 00
TransferData[196],CAN,0x7E0,8,06 36 C4 69 04 01 00 00
TransferData[197],CAN,0x7E0,8,06 36 C5 69 04 01 00 00
TransferData[198],CAN,0x7E0,8,06 36 C6 69 04 01 00 00
TransferData[199],CAN,0x7E0,8,06 36 C7 69 04 01 00 00
TransferData[200],CAN,0x7E0,8,06 36 C8 69 04 01 00 00
TransferData[201],CAN,0x7E0,8,06 36 C9 69 04 01 00 00
TransferData[202],CAN,0x7E0,8,06 36 CA 69 04 01 00 00
TransferData[203],CAN,0x7E0,8,06 36 CB 69 04 01 00 00
TransferData[204],CAN,0x7E0,8,06 36 CC 69 04 01 00 00
TransferData[205],CAN,0x7E0,8,06 36 CD 69 04 01 00 00
TransferData[206],CAN,0x7E0,8,06 36 CE 69 04 01 00 00
TransferData[207],CAN,0x7E0,8,06 36 CF 69 04 01 00 00
TransferData[208],CAN,0x7E0,8,06 36 D0 69 04 01 00 00
TransferData[209],CAN,0x7E0,8,06 36 D1 69 04 01 00 00
TransferData[210],CAN,0x7E0,8,06 36 D2 69 04 01 00 00
TransferData[211],CAN,0x7E0,8,06 36 D3 69 04 01 00 00
TransferData[212],CAN,0x7E0,8,06 36 D4 69 04 01 00 00
TransferData[213],CAN,0x7E0,8,06 36 D5 69 04 01 00 00
TransferData[214],CAN,0x7E0,8,06 36 D6 69 04 01 00 00
TransferData[215],CAN,0x7E0,8,06 36 D7 69 04 01 00 00
TransferData[216],CAN,0x7E0,8,06 36 D8 69 04 01 00 00
TransferData[217],CAN,0x7E0,8,06 36 D9 69 04 01 00 00
TransferData[218],CAN,0x7E0,8,06 36 DA 69 04 01 00 00
TransferData[219],CAN,0x7E0,8,06 36 DB 69 04 01 00 00
TransferData[220],CAN,0x7E0,8,06 36 DC 69 04 01 00 00
TransferData[221],CAN,0x7E0,8,06 36 DD 69 04 01 00 00
TransferData[222],CAN,0x7E0,8,06 36 DE 69 04 01 00 00
TransferData[223],CAN,0x7E0,8,06 36 DF 69 04 01 00 00
TransferData[224],CAN,0x7E0,8,06 36 E0 69 04 01 00 00
TransferData[225],CAN,0x7E0,8,06 36 E1 69 04 01 00 00
TransferData[226],CAN,0x7E0,8,06 36 E2 69 04 01 00 00
TransferData[227],CAN,0x7E0,8,06 36 E3 69 04 01 00 00
TransferData[228],CAN,0x7E0,8,06 36 E4 69 04 01 00 00
TransferData[229],CAN,0x7E0,8,06 36 E5 69 04 01 00 00
TransferData[230],CAN,0x7E0,8,06 36 E6 69 04 01 00 00
TransferData[231],CAN,0x7E0,8,06 36 E7 69 04 01 00 00
TransferData[232],CAN,0x7E0,8,06 36 E8 69 04 01 00 00
TransferData[233],CAN,0x7E0,8,06 36 E9 69 04 01 00 00
TransferData[234],CAN,0x7E0,8,06 36 EA 69 04 01 00 00
TransferData[235],CAN,0x7E0,8,06 36 EB 69 04 01 00 00
TransferData[236],CAN,0x7E0,8,06 36 EC 69 04 01 00 00
TransferData[237],CAN,0x7E0,8,06 36 ED 69 04 01 00 00
TransferData[238],CAN,0x7E0,8,06 36 EE 69 04 01 00 00
TransferData[239],CAN,0x7E0,8,06 36 EF 69 04 01 00 00
TransferData[240],CAN,0x7E0,8,06 36 F0 69 04 01 00 00
TransferData[241],CAN,0x7E0,8,06 36 F1 69 04 01 00 00
TransferData[242],CAN,0x7E0,8,06 36 F2 69 04 01 00 00
TransferData[243],CAN,0x7E0,8,06 36 F3 69 04 01 00 00
TransferData[244],CAN,0x7E0,8,06 36 F4 69 04 01 00 00
TransferData[245],CAN,0x7E0,8,06 36 F5 69 04 01 00 00
TransferData[246],CAN,0x7E0,8,06 36 F6 69 04 01 00 00
TransferData[247],CAN,0x7E0,8,06 36 F7 69 04 01 00 00
TransferData[248],CAN,0x7E0,8,06 36 F8 69 04 01 00 00
TransferData[249],CAN,0x7E0,8,06 36 F9 69 04 01 00 00
TransferData[250],CAN,0x7E0,8,06 36 FA 69 04 01 00 00
TransferData[251],CAN,0x7E0,8,06 36 FB 69 04 01 00 00
TransferData[252],CAN,0x7E0,8,06 36 FC 69 04 01 00 00
TransferData[253],CAN,0x7E0,8,06 36 FD 69 04 01 00 00
TransferData[254],CAN,0x7E0,8,06 36 FE 69 04 01 00 00
TransferData[255],CAN,0x7E0,8,06 36 FF 69 04 01 00 00
TransferData[0],CAN,0x7E0,8,06 36 00 FF FF FF FF 00
TransferData[1],CAN,0x7E0,8,06 36 01 72 B6 4F F0 00
TransferData[2],CAN,0x7E0,8,06 36 02 00 01 4F F0 00
TransferData[3],CAN,0x7E0,8,06 36 03 00 02 4F F0 00
TransferData[4],CAN,0x7E0,8,06 36 04 00 03 4F F0 00
TransferData[5],CAN,0x7E0,8,06 36 05 00 04 4F F0 00
TransferData[6],CAN,0x7E0,8,06 36 06 00 05 4F F0 00
TransferData[7],CAN,0x7E0,8,06 36 07 00 06 4F F0 00
TransferData[8],CAN,0x7E0,8,06 36 08 00 07 B8 46 00
TransferData[9],CAN,0x7E0,8,06 36 09 B9 46 BA 46 00
TransferData[10],CAN,0x7E0,8,06 36 0A BB 46 BC 46 00
TransferData[11],CAN,0x7E0,8,06 36 0B 0A 49 0B 4A 00
TransferData[12],CAN,0x7E0,8,06 36 0C 52 1A 01 3A 00
TransferData[13],CAN,0x7E0,8,06 36 0D 05 DD 00 20 00
TransferData[14],CAN,0x7E0,8,06 36 0E 04 23 08 60 00
TransferData[15],CAN,0x7E0,8,06 36 0F 19 44 04 3A 00
TransferData[16],CAN,0x7E0,8,06 36 10 FB DA 07 48 00
TransferData[17],CAN,0x7E0,8,06 36 11 85 46 07 48 00
TransferData[18],CAN,0x7E0,8,06 36 12 80 47 07 48 00
TransferData[19],CAN,0x7E0,8,06 36 13 80 47 62 B6 00
TransferData[20],CAN,0x7E0,8,06 36 14 02 F0 D0 FD 00
TransferData[21],CAN,0x7E0,8,06 36 15 FE E7 00 00 00
TransferData[22],CAN,0x7E0,8,06 36 16 00 80 FF 1F 00
TransferData[23],CAN,0x7E0,8,06 36 17 00 70 00 20 00
TransferData[24],CAN,0x7E0,8,06 36 18 00 70 00 20 00
TransferData[25],CAN,0x7E0,8,06 36 19 6D 04 01 00 00
TransferData[26],CAN,0x7E0,8,06 36 1A A9 04 01 00 00
TransferData[27],CAN,0x7E0,8,06 36 1B FF F7 FE BF 00
TransferData[28],CAN,0x7E0,8,06 36 1C 4F F0 E0 23 00
TransferData[29],CAN,0x7E0,8,06 36 1D D3 F8 88 2D 00
TransferData[30],CAN,0x7E0,8,06 36 1E 42 F4 70 02 00
TransferData[31],CAN,0x7E0,8,06 36 1F C3 F8 88 2D 00
TransferData[32],CAN,0x7E0,8,06 36 20 D3 F8 34 2F 00
TransferData[33],CAN,0x7E0,8,06 36 21 22 F0 80 42 00
TransferData[34],CAN,0x7E0,8,06 36 22 C3 F8 34 2F 00
TransferData[35],CAN,0x7E0,8,06 36 23 05 4B 06 4A 00
TransferData[36],CAN,0x7E0,8,06 36 24 5A 60 5A 68 00
TransferData[37],CAN,0x7E0,8,06 36 25 42 F2 20 12 00
TransferData[38],CAN,0x7E0,8,06 36 26 1A 60 4F F6 00
TransferData[39],CAN,0x7E0,8,06 36 27 FF 72 9A 60 00
TransferData[40],CAN,0x7E0,8,06 36 28 70 47 00 BF 00
TransferData[41],CAN,0x7E0,8,06 36 29 00 20 05 40 00
TransferData[42],CAN,0x7E0,8,06 36 2A 20 C5 28 D9 00
TransferData[43],CAN,0x7E0,8,06 36 2B 26 4B 27 4A 00
TransferData[44],CAN,0x7E0,8,06 36 2C 9A 42 08 D0 00
TransferData[45],CAN,0x7E0,8,06 36 2D 13 46 24 48 00
TransferData[46],CAN,0x7E0,8,06 36 2E 25 4A 13 F8 00
TransferData[47],CAN,0x7E0,8,06 36 2F 01 1B 02 F8 00
TransferData[48],CAN,0x7E0,8,06 36 30 01 1B 98 42 00
TransferData[49],CAN,0x7E0,8,06 36 31 F9 D1 23 4B 00
TransferData[50],CAN,0x7E0,8,06 36 32 23 4A 9A 42 00
TransferData[51],CAN,0x7E0,8,06 36 33 08 D0 13 46 00
TransferData[52],CAN,0x7E0,8,06 36 34 20 48 22 4A 00
TransferData[53],CAN,0x7E0,8,06 36 35 13 F8 01 1B 00
TransferData[54],CAN,0x7E0,8,06 36 36 02 F8 01 1B 00
TransferData[55],CAN,0x7E0,8,06 36 37 83 42 F9 D1 00
TransferData[56],CAN,0x7E0,8,06 36 38 1F 4B 20 4A 00
TransferData[57],CAN,0x7E0,8,06 36 39 9A 42 06 D0 00
TransferData[58],CAN,0x7E0,8,06 36 3A 13 46 00 21 00
TransferData[59],CAN,0x7E0,8,06 36 3B 1C 4A 03 F8 00
TransferData[60],CAN,0x7E0,8,06 36 3C 01 1B 93 42 00
TransferData[61],CAN,0x7E0,8,06 36 3D FB D1 1C 4B 00
TransferData[62],CAN,0x7E0,8,06 36 3E 1C 4A 9A 42 00
TransferData[63],CAN,0x7E0,8,06 36 3F 08 D0 13 46 00
TransferData[64],CAN,0x7E0,8,06 36 40 19 48 1B 4A 00
TransferData[65],CAN,0x7E0,8,06 36 41 13 F8 01 1B 00
TransferData[66],CAN,0x7E0,8,06 36 42 02 F8 01 1B 00
TransferData[67],CAN,0x7E0,8,06 36 43 83 42 F9 D1 00
TransferData[68],CAN,0x7E0,8,06 36 44 18 4B 19 4A 00
TransferData[69],CAN,0x7E0,8,06 36 45 9A 42 12 D0 00
TransferData[70],CAN,0x7E0,8,06 36 46 10 B4 18 4C 00
TransferData[71],CAN,0x7E0,8,06 36 47 A4 08 08 D0 00
TransferData[72],CAN,0x7E0,8,06 36 48 19 46 00 23 00
TransferData[73],CAN,0x7E0,8,06 36 49 51 F8 04 0B 00
TransferData[74],CAN,0x7E0,8,06 36 4A 42 F8 04 0B 00
TransferData[75],CAN,0x7E0,8,06 36 4B 01 33 A3 42 00
TransferData[76],CAN,0x7E0,8,06 36 4C F8 D1 13 4B 00
TransferData[77],CAN,0x7E0,8,06 36 4D 10 4A 1A 60 00
TransferData[78],CAN,0x7E0,8,06 36 4E 5D F8 04 4B 00
TransferData[79],CAN,0x7E0,8,06 36 4F 70 47 10 4B 00
TransferData[80],CAN,0x7E0,8,06 36 50 0C 4A 1A 60 00
TransferData[81],CAN,0x7E0,8,06 36 51 70 47 00 BF 00
TransferData[82],CAN,0x7E0,8,06 36 52 D4 34 01 00 00
TransferData[83],CAN,0x7E0,8,06 36 53 A0 32 01 00 00
TransferData[84],CAN,0x7E0,8,06 36 54 00 84 FF 1F 00
TransferData[85],CAN,0x7E0,8,06 36 55 D4 34 01 00 00
TransferData[86],CAN,0x7E0,8,06 36 56 D4 34 01 00 00
TransferData[87],CAN,0x7E0,8,06 36 57 34 86 FF 1F 00
TransferData[88],CAN,0x7E0,8,06 36 58 6C 00 00 20 00
TransferData[89],CAN,0x7E0,8,06 36 59 00 00 00 20 00
TransferData[90],CAN,0x7E0,8,06 36 5A D4 34 01 00 00
TransferData[91],CAN,0x7E0,8,06 36 5B D4 34 01 00 00
TransferData[92],CAN,0x7E0,8,06 36 5C 00 00 00 20 00
TransferData[93],CAN,0x7E0,8,06 36 5D 00 00 01 00 00
TransferData[94],CAN,0x7E0,8,06 36 5E 00 80 FF 1F 00
TransferData[95],CAN,0x7E0,8,06 36 5F 00 04 00 00 00
TransferData[96],CAN,0x7E0,8,06 36 60 08 ED 00 E0 00
TransferData[97],CAN,0x7E0,8,06 36 61 07 4B 5B 69 00
TransferData[98],CAN,0x7E0,8,06 36 62 DB B2 04 2B 00
TransferData[99],CAN,0x7E0,8,06 36 63 06 D0 80 2B 00
TransferData[100],CAN,0x7E0,8,06 36 64 06 D0 01 2B 00
TransferData[101],CAN,0x7E0,8,06 36 65 0C BF 01 20 00
TransferData[102],CAN,0x7E0,8,06 36 66 04 20 70 47 00
TransferData[103],CAN,0x7E0,8,06 36 67 02 20 70 47 00
TransferData[104],CAN,0x7E0,8,06 36 68 03 20 70 47 00
TransferData[105],CAN,0x7E0,8,06 36 69 00 E0 07 40 00
TransferData[106],CAN,0x7E0,8,06 36 6A 04 4B D3 F8 00
TransferData[107],CAN,0x7E0,8,06 36 6B 00 31 13 F0 00
TransferData[108],CAN,0x7E0,8,06 36 6C 80 7F 1A BF 00
TransferData[109],CAN,0x7E0,8,06 36 6D 02 4B 18 68 00
TransferData[110],CAN,0x7E0,8,06 36 6E 00 20 70 47 00
TransferData[111],CAN,0x7E0,8,06 36 6F 00 40 06 40 00
TransferData[112],CAN,0x7E0,8,06 36 70 24 00 00 20 00
TransferData[113],CAN,0x7E0,8,06 36 71 10 B5 84 B0 00
TransferData[114],CAN,0x7E0,8,06 36 72 0B 46 00 29 00
TransferData[115],CAN,0x7E0,8,06 36 73 38 D0 44 4A 00
TransferData[116],CAN,0x7E0,8,06 36 74 D2 F8 00 21 00
TransferData[117],CAN,0x7E0,8,06 36 75 12 F0 00 7F 00
TransferData[118],CAN,0x7E0,8,06 36 76 7D D1 41 4A 00
TransferData[119],CAN,0x7E0,8,06 36 77 D2 F8 00 11 00
TransferData[120],CAN,0x7E0,8,06 36 78 21 F4 00 01 00
TransferData[121],CAN,0x7E0,8,06 36 79 C2 F8 00 11 00
TransferData[122],CAN,0x7E0,8,06 36 7A 4F F0 80 61 00
TransferData[123],CAN,0x7E0,8,06 36 7B C2 F8 00 11 00
TransferData[124],CAN,0x7E0,8,06 36 7C 00 21 3C 4A 00
TransferData[125],CAN,0x7E0,8,06 36 7D 11 60 00 28 00
TransferData[126],CAN,0x7E0,8,06 36 7E 70 D0 5A 7A 00
TransferData[127],CAN,0x7E0,8,06 36 7F 12 02 02 F4 00
TransferData[128],CAN,0x7E0,8,06 36 80 E0 62 19 7A 00
TransferData[129],CAN,0x7E0,8,06 36 81 01 F0 07 01 00
TransferData[130],CAN,0x7E0,8,06 36 82 0A 43 35 48 00
TransferData[131],CAN,0x7E0,8,06 36 83 C0 F8 04 21 00
TransferData[132],CAN,0x7E0,8,06 36 84 DA 79 12 01 00
TransferData[133],CAN,0x7E0,8,06 36 85 02 F0 30 02 00
TransferData[134],CAN,0x7E0,8,06 36 86 99 79 C9 00 00
TransferData[135],CAN,0x7E0,8,06 36 87 01 F0 08 01 00
TransferData[136],CAN,0x7E0,8,06 36 88 0A 43 59 79 00
TransferData[137],CAN,0x7E0,8,06 36 89 89 00 01 F0 00
TransferData[138],CAN,0x7E0,8,06 36 8A 04 01 0A 43 00
TransferData[139],CAN,0x7E0,8,06 36 8B C0 F8 08 21 00
TransferData[140],CAN,0x7E0,8,06 36 8C 1A 79 01 2A 00
TransferData[141],CAN,0x7E0,8,06 36 8D 2F D0 CA B1 00
TransferData[142],CAN,0x7E0,8,06 36 8E 02 2A 38 D0 00
TransferData[143],CAN,0x7E0,8,06 36 8F 00 BE FE E7 00
TransferData[144],CAN,0x7E0,8,06 36 90 00 23 8D F8 00
TransferData[145],CAN,0x7E0,8,06 36 91 04 30 8D F8 00
TransferData[146],CAN,0x7E0,8,06 36 92 0C 30 01 22 00
TransferData[147],CAN,0x7E0,8,06 36 93 8D F8 08 20 00
TransferData[148],CAN,0x7E0,8,06 36 94 8D F8 09 20 00
TransferData[149],CAN,0x7E0,8,06 36 95 8D F8 05 20 00
TransferData[150],CAN,0x7E0,8,06 36 96 8D F8 06 30 00
TransferData[151],CAN,0x7E0,8,06 36 97 02 23 8D F8 00
TransferData[152],CAN,0x7E0,8,06 36 98 07 30 04 AB 00
TransferData[153],CAN,0x7E0,8,06 36 99 20 4A 43 F8 00
TransferData[154],CAN,0x7E0,8,06 36 9A 10 2D B0 E7 00
TransferData[155],CAN,0x7E0,8,06 36 9B 1A 7B 00 2A 00
TransferData[156],CAN,0x7E0,8,06 36 9C 14 BF 4F F4 00
TransferData[157],CAN,0x7E0,8,06 36 9D 00 02 00 22 00
TransferData[158],CAN,0x7E0,8,06 36 9E 42 F0 01 02 00
TransferData[159],CAN,0x7E0,8,06 36 9F 18 49 C1 F8 00
TransferData[160],CAN,0x7E0,8,06 36 A0 00 21 1A 68 00
TransferData[161],CAN,0x7E0,8,06 36 A1 17 4B 1A 60 00
TransferData[162],CAN,0x7E0,8,06 36 A2 18 4C FF F7 00
TransferData[163],CAN,0x7E0,8,06 36 A3 8D FF E8 B9 00
TransferData[164],CAN,0x7E0,8,06 36 A4 D4 B1 01 3C 00
TransferData[165],CAN,0x7E0,8,06 36 A5 F9 E7 1A 7B 00
TransferData[166],CAN,0x7E0,8,06 36 A6 00 2A 14 BF 00
TransferData[167],CAN,0x7E0,8,06 36 A7 4F F4 00 02 00
TransferData[168],CAN,0x7E0,8,06 36 A8 00 22 42 F0 00
TransferData[169],CAN,0x7E0,8,06 36 A9 01 12 0E 49 00
TransferData[170],CAN,0x7E0,8,06 36 AA C1 F8 00 21 00
TransferData[171],CAN,0x7E0,8,06 36 AB E9 E7 1A 7B 00
TransferData[172],CAN,0x7E0,8,06 36 AC 00 2A 14 BF 00
TransferData[173],CAN,0x7E0,8,06 36 AD 4F F4 03 02 00
TransferData[174],CAN,0x7E0,8,06 36 AE 4F F4 40 32 00
TransferData[175],CAN,0x7E0,8,06 36 AF 42 F0 01 02 00
TransferData[176],CAN,0x7E0,8,06 36 B0 07 49 C1 F8 00
TransferData[177],CAN,0x7E0,8,06 36 B1 00 21 DC E7 00
TransferData[178],CAN,0x7E0,8,06 36 B2 03 20 05 E0 00
TransferData[179],CAN,0x7E0,8,06 36 B3 00 2C 14 BF 00
TransferData[180],CAN,0x7E0,8,06 36 B4 00 20 03 20 00
TransferData[181],CAN,0x7E0,8,06 36 B5 00 E0 02 20 00
TransferData[182],CAN,0x7E0,8,06 36 B6 04 B0 10 BD 00
TransferData[183],CAN,0x7E0,8,06 36 B7 00 20 FB E7 00
TransferData[184],CAN,0x7E0,8,06 36 B8 00 40 06 40 00
TransferData[185],CAN,0x7E0,8,06 36 B9 24 00 00 20 00
TransferData[186],CAN,0x7E0,8,06 36 BA 00 12 7A 00 00
TransferData[187],CAN,0x7E0,8,06 36 BB 88 E7 30 00 00
TransferData[188],CAN,0x7E0,8,06 36 BC 08 4B D3 F8 00
TransferData[189],CAN,0x7E0,8,06 36 BD 00 32 13 F0 00
TransferData[190],CAN,0x7E0,8,06 36 BE 80 7F 09 D0 00
TransferData[191],CAN,0x7E0,8,06 36 BF 05 4B D3 F8 00
TransferData[192],CAN,0x7E0,8,06 36 C0 08 32 03 F0 00
TransferData[193],CAN,0x7E0,8,06 36 C1 01 03 00 2B 00
TransferData[194],CAN,0x7E0,8,06 36 C2 03 48 08 BF 00
TransferData[195],CAN,0x7E0,8,06 36 C3 00 20 70 47 00
TransferData[196],CAN,0x7E0,8,06 36 C4 00 20 70 47 00
TransferData[197],CAN,0x7E0,8,06 36 C5 00 40 06 40 00
TransferData[198],CAN,0x7E0,8,06 36 C6 00 12 7A 00 00
TransferData[199],CAN,0x7E0,8,06 36 C7 10 B5 82 B0 00
TransferData[200],CAN,0x7E0,8,06 36 C8 0B 46 00 29 00
TransferData[201],CAN,0x7E0,8,06 36 C9 38 D0 2D 4A 00
TransferData[202],CAN,0x7E0,8,06 36 CA D2 F8 00 22 00
TransferData[203],CAN,0x7E0,8,06 36 CB 12 F0 00 7F 00
TransferData[204],CAN,0x7E0,8,06 36 CC 4F D1 2A 4A 00
TransferData[205],CAN,0x7E0,8,06 36 CD D2 F8 00 12 00
TransferData[206],CAN,0x7E0,8,06 36 CE 21 F4 00 01 00
TransferData[207],CAN,0x7E0,8,06 36 CF C2 F8 00 12 00
TransferData[208],CAN,0x7E0,8,06 36 D0 00 21 C2 F8 00
TransferData[209],CAN,0x7E0,8,06 36 D1 00 12 00 28 00
TransferData[210],CAN,0x7E0,8,06 36 D2 46 D0 9A 78 00
TransferData[211],CAN,0x7E0,8,06 36 D3 12 02 02 F4 00
TransferData[212],CAN,0x7E0,8,06 36 D4 E0 62 59 78 00
TransferData[213],CAN,0x7E0,8,06 36 D5 01 F0 07 01 00
TransferData[214],CAN,0x7E0,8,06 36 D6 0A 43 20 49 00
TransferData[215],CAN,0x7E0,8,06 36 D7 C1 F8 04 22 00
TransferData[216],CAN,0x7E0,8,06 36 D8 1A 78 02 F0 00
TransferData[217],CAN,0x7E0,8,06 36 D9 01 02 C1 F8 00
TransferData[218],CAN,0x7E0,8,06 36 DA 08 22 59 79 00
TransferData[219],CAN,0x7E0,8,06 36 DB 9A 79 1B 79 00
TransferData[220],CAN,0x7E0,8,06 36 DC 00 2B 14 BF 00
TransferData[221],CAN,0x7E0,8,06 36 DD 03 23 01 23 00
TransferData[222],CAN,0x7E0,8,06 36 DE 00 29 14 BF 00
TransferData[223],CAN,0x7E0,8,06 36 DF 04 21 00 21 00
TransferData[224],CAN,0x7E0,8,06 36 E0 0B 43 00 2A 00
TransferData[225],CAN,0x7E0,8,06 36 E1 14 BF 4F F4 00
TransferData[226],CAN,0x7E0,8,06 36 E2 00 02 00 22 00
TransferData[227],CAN,0x7E0,8,06 36 E3 13 43 13 4A 00
TransferData[228],CAN,0x7E0,8,06 36 E4 C2 F8 00 32 00
TransferData[229],CAN,0x7E0,8,06 36 E5 64 24 10 E0 00
TransferData[230],CAN,0x7E0,8,06 36 E6 00 23 8D F8 00
TransferData[231],CAN,0x7E0,8,06 36 E7 04 30 01 22 00
TransferData[232],CAN,0x7E0,8,06 36 E8 8D F8 05 20 00
TransferData[233],CAN,0x7E0,8,06 36 E9 8D F8 06 30 00
TransferData[234],CAN,0x7E0,8,06 36 EA 8D F8 01 20 00
TransferData[235],CAN,0x7E0,8,06 36 EB 8D F8 02 20 00
TransferData[236],CAN,0x7E0,8,06 36 EC 02 AB 03 F8 00
TransferData[237],CAN,0x7E0,8,06 36 ED 08 2D B6 E7 00
TransferData[238],CAN,0x7E0,8,06 36 EE 01 3C FF F7 00
TransferData[239],CAN,0x7E0,8,06 36 EF 99 FF 18 B9 00
TransferData[240],CAN,0x7E0,8,06 36 F0 00 2C F9 D1 00
TransferData[241],CAN,0x7E0,8,06 36 F1 03 20 05 E0 00
TransferData[242],CAN,0x7E0,8,06 36 F2 00 2C 14 BF 00
TransferData[243],CAN,0x7E0,8,06 36 F3 00 20 03 20 00
TransferData[244],CAN,0x7E0,8,06 36 F4 00 E0 02 20 00
TransferData[245],CAN,0x7E0,8,06 36 F5 02 B0 10 BD 00
TransferData[246],CAN,0x7E0,8,06 36 F6 00 20 FB E7 00
TransferData[247],CAN,0x7E0,8,06 36 F7 00 40 06 40 00
TransferData[248],CAN,0x7E0,8,06 36 F8 05 4B D3 F8 00
TransferData[249],CAN,0x7E0,8,06 36 F9 00 33 13 F0 00
TransferData[250],CAN,0x7E0,8,06 36 FA 80 7F 1D BF 00
TransferData[251],CAN,0x7E0,8,06 36 FB 02 4B D3 F8 00
TransferData[252],CAN,0x7E0,8,06 36 FC 08 33 02 48 00
TransferData[253],CAN,0x7E0,8,06 36 FD 00 20 70 47 00
TransferData[254],CAN,0x7E0,8,06 36 FE 00 40 06 40 00
TransferData[255],CAN,0x7E0,8,06 36 FF 00 6C DC 02 00
TransferData[0],CAN,0x7E0,8,06 36 00 10 B5 82 B0 00
TransferData[1],CAN,0x7E0,8,06 36 01 0B 46 00 29 00
TransferData[2],CAN,0x7E0,8,06 36 02 32 D0 29 4A 00
TransferData[3],CAN,0x7E0,8,06 36 03 D2 F8 00 23 00
TransferData[4],CAN,0x7E0,8,06 36 04 12 F0 00 7F 00
TransferData[5],CAN,0x7E0,8,06 36 05 47 D1 26 4A 00
TransferData[6],CAN,0x7E0,8,06 36 06 D2 F8 00 13 00
TransferData[7],CAN,0x7E0,8,06 36 07 21 F4 00 01 00
TransferData[8],CAN,0x7E0,8,06 36 08 C2 F8 00 13 00
TransferData[9],CAN,0x7E0,8,06 36 09 4F F0 80 61 00
TransferData[10],CAN,0x7E0,8,06 36 0A C2 F8 00 13 00
TransferData[11],CAN,0x7E0,8,06 36 0B 00 28 3D D0 00
TransferData[12],CAN,0x7E0,8,06 36 0C 9A 78 12 02 00
TransferData[13],CAN,0x7E0,8,06 36 0D 02 F4 E0 62 00
TransferData[14],CAN,0x7E0,8,06 36 0E 59 78 01 F0 00
TransferData[15],CAN,0x7E0,8,06 36 0F 07 01 0A 43 00
TransferData[16],CAN,0x7E0,8,06 36 10 1B 49 C1 F8 00
TransferData[17],CAN,0x7E0,8,06 36 11 04 23 1A 78 00
TransferData[18],CAN,0x7E0,8,06 36 12 02 F0 03 02 00
TransferData[19],CAN,0x7E0,8,06 36 13 C1 F8 08 23 00
TransferData[20],CAN,0x7E0,8,06 36 14 9A 79 5B 79 00
TransferData[21],CAN,0x7E0,8,06 36 15 00 2B 14 BF 00
TransferData[22],CAN,0x7E0,8,06 36 16 01 23 09 23 00
TransferData[23],CAN,0x7E0,8,06 36 17 00 2A 14 BF 00
TransferData[24],CAN,0x7E0,8,06 36 18 4F F4 00 02 00
TransferData[25],CAN,0x7E0,8,06 36 19 00 22 13 43 00
TransferData[26],CAN,0x7E0,8,06 36 1A C1 F8 00 33 00
TransferData[27],CAN,0x7E0,8,06 36 1B 64 24 0E E0 00
TransferData[28],CAN,0x7E0,8,06 36 1C 01 23 8D F8 00
TransferData[29],CAN,0x7E0,8,06 36 1D 05 30 00 22 00
TransferData[30],CAN,0x7E0,8,06 36 1E 8D F8 06 20 00
TransferData[31],CAN,0x7E0,8,06 36 1F 8D F8 01 30 00
TransferData[32],CAN,0x7E0,8,06 36 20 8D F8 02 30 00
TransferData[33],CAN,0x7E0,8,06 36 21 02 AB 03 F8 00
TransferData[34],CAN,0x7E0,8,06 36 22 08 2D BE E7 00
TransferData[35],CAN,0x7E0,8,06 36 23 01 3C FF F7 00
TransferData[36],CAN,0x7E0,8,06 36 24 A7 FF 18 B9 00
TransferData[37],CAN,0x7E0,8,06 36 25 00 2C F9 D1 00
TransferData[38],CAN,0x7E0,8,06 36 26 03 20 05 E0 00
TransferData[39],CAN,0x7E0,8,06 36 27 00 2C 14 BF 00
TransferData[40],CAN,0x7E0,8,06 36 28 00 20 03 20 00
TransferData[41],CAN,0x7E0,8,06 36 29 00 E0 02 20 00
TransferData[42],CAN,0x7E0,8,06 36 2A 02 B0 10 BD 00
TransferData[43],CAN,0x7E0,8,06 36 2B 00 20 FB E7 00
TransferData[44],CAN,0x7E0,8,06 36 2C 00 40 06 40 00
TransferData[45],CAN,0x7E0,8,06 36 2D 08 B5 0F 4B 00
TransferData[46],CAN,0x7E0,8,06 36 2E D3 F8 00 36 00
TransferData[47],CAN,0x7E0,8,06 36 2F 13 F0 80 7F 00
TransferData[48],CAN,0x7E0,8,06 36 30 02 D1 00 23 00
TransferData[49],CAN,0x7E0,8,06 36 31 18 46 08 BD 00
TransferData[50],CAN,0x7E0,8,06 36 32 FF F7 6E FE 00
TransferData[51],CAN,0x7E0,8,06 36 33 03 46 00 28 00
TransferData[52],CAN,0x7E0,8,06 36 34 F8 D0 08 49 00
TransferData[53],CAN,0x7E0,8,06 36 35 D1 F8 08 26 00
TransferData[54],CAN,0x7E0,8,06 36 36 C2 F3 02 22 00
TransferData[55],CAN,0x7E0,8,06 36 37 01 32 B0 FB 00
TransferData[56],CAN,0x7E0,8,06 36 38 F2 F3 D1 F8 00
TransferData[57],CAN,0x7E0,8,06 36 39 08 26 C2 F3 00
TransferData[58],CAN,0x7E0,8,06 36 3A 04 42 10 32 00
TransferData[59],CAN,0x7E0,8,06 36 3B 03 FB 02 F3 00
TransferData[60],CAN,0x7E0,8,06 36 3C 5B 08 E7 E7 00
TransferData[61],CAN,0x7E0,8,06 36 3D 00 40 06 40 00
TransferData[62],CAN,0x7E0,8,06 36 3E 10 B5 84 B0 00
TransferData[63],CAN,0x7E0,8,06 36 3F 0C 46 89 B9 00
TransferData[64],CAN,0x7E0,8,06 36 40 00 23 8D F8 00
TransferData[65],CAN,0x7E0,8,06 36 41 04 30 8D F8 00
TransferData[66],CAN,0x7E0,8,06 36 42 0B 30 01 22 00
TransferData[67],CAN,0x7E0,8,06 36 43 8D F8 08 20 00
TransferData[68],CAN,0x7E0,8,06 36 44 8D F8 09 20 00
TransferData[69],CAN,0x7E0,8,06 36 45 8D F8 05 30 00
TransferData[70],CAN,0x7E0,8,06 36 46 07 22 8D F8 00
TransferData[71],CAN,0x7E0,8,06 36 47 06 20 8D F8 00
TransferData[72],CAN,0x7E0,8,06 36 48 07 30 01 AC 00
TransferData[73],CAN,0x7E0,8,06 36 49 3D 4B D3 F8 00
TransferData[74],CAN,0x7E0,8,06 36 4A 00 36 13 F0 00
TransferData[75],CAN,0x7E0,8,06 36 4B 00 7F 71 D1 00
TransferData[76],CAN,0x7E0,8,06 36 4C 3A 4B D3 F8 00
TransferData[77],CAN,0x7E0,8,06 36 4D 00 26 22 F4 00
TransferData[78],CAN,0x7E0,8,06 36 4E 00 02 C3 F8 00
TransferData[79],CAN,0x7E0,8,06 36 4F 00 26 4F F0 00
TransferData[80],CAN,0x7E0,8,06 36 50 80 62 C3 F8 00
TransferData[81],CAN,0x7E0,8,06 36 51 00 26 00 28 00
TransferData[82],CAN,0x7E0,8,06 36 52 66 D0 FF F7 00
TransferData[83],CAN,0x7E0,8,06 36 53 2D FE 03 46 00
TransferData[84],CAN,0x7E0,8,06 36 54 08 B9 00 BE 00
TransferData[85],CAN,0x7E0,8,06 36 55 FE E7 60 78 00
TransferData[86],CAN,0x7E0,8,06 36 56 01 30 B3 FB 00
TransferData[87],CAN,0x7E0,8,06 36 57 F0 F0 A0 F5 00
TransferData[88],CAN,0x7E0,8,06 36 58 F4 00 A0 F5 00
TransferData[89],CAN,0x7E0,8,06 36 59 90 50 2E 4B 00
TransferData[90],CAN,0x7E0,8,06 36 5A 98 42 01 D9 00
TransferData[91],CAN,0x7E0,8,06 36 5B 00 BE FE E7 00
TransferData[92],CAN,0x7E0,8,06 36 5C 63 79 1B 02 00
TransferData[93],CAN,0x7E0,8,06 36 5D 03 F4 E0 63 00
TransferData[94],CAN,0x7E0,8,06 36 5E 22 79 02 F0 00
TransferData[95],CAN,0x7E0,8,06 36 5F 07 02 13 43 00
TransferData[96],CAN,0x7E0,8,06 36 60 26 49 C1 F8 00
TransferData[97],CAN,0x7E0,8,06 36 61 04 36 63 78 00
TransferData[98],CAN,0x7E0,8,06 36 62 1B 02 03 F4 00
TransferData[99],CAN,0x7E0,8,06 36 63 E0 63 A2 78 00
TransferData[100],CAN,0x7E0,8,06 36 64 12 04 02 F4 00
TransferData[101],CAN,0x7E0,8,06 36 65 F8 12 13 43 00
TransferData[102],CAN,0x7E0,8,06 36 66 C1 F8 08 36 00
TransferData[103],CAN,0x7E0,8,06 36 67 23 78 01 2B 00
TransferData[104],CAN,0x7E0,8,06 36 68 18 D0 1B B1 00
TransferData[105],CAN,0x7E0,8,06 36 69 02 2B 21 D0 00
TransferData[106],CAN,0x7E0,8,06 36 6A 00 BE FE E7 00
TransferData[107],CAN,0x7E0,8,06 36 6B E3 79 00 2B 00
TransferData[108],CAN,0x7E0,8,06 36 6C 14 BF 4F F4 00
TransferData[109],CAN,0x7E0,8,06 36 6D 00 03 00 23 00
TransferData[110],CAN,0x7E0,8,06 36 6E 43 F0 01 03 00
TransferData[111],CAN,0x7E0,8,06 36 6F 17 4A C2 F8 00
TransferData[112],CAN,0x7E0,8,06 36 70 00 36 4F F4 00
TransferData[113],CAN,0x7E0,8,06 36 71 7A 74 FF F7 00
TransferData[114],CAN,0x7E0,8,06 36 72 75 FF F0 B9 00
TransferData[115],CAN,0x7E0,8,06 36 73 DC B9 03 20 00
TransferData[116],CAN,0x7E0,8,06 36 74 04 B0 10 BD 00
TransferData[117],CAN,0x7E0,8,06 36 75 E3 79 00 2B 00
TransferData[118],CAN,0x7E0,8,06 36 76 14 BF 4F F4 00
TransferData[119],CAN,0x7E0,8,06 36 77 00 03 00 23 00
TransferData[120],CAN,0x7E0,8,06 36 78 43 F0 01 13 00
TransferData[121],CAN,0x7E0,8,06 36 79 0D 4A C2 F8 00
TransferData[122],CAN,0x7E0,8,06 36 7A 00 36 EA E7 00
TransferData[123],CAN,0x7E0,8,06 36 7B E3 79 00 2B 00
TransferData[124],CAN,0x7E0,8,06 36 7C 14 BF 4F F4 00
TransferData[125],CAN,0x7E0,8,06 36 7D 03 03 4F F4 00
TransferData[126],CAN,0x7E0,8,06 36 7E 40 33 43 F0 00
TransferData[127],CAN,0x7E0,8,06 36 7F 01 03 07 4A 00
TransferData[128],CAN,0x7E0,8,06 36 80 C2 F8 00 36 00
TransferData[129],CAN,0x7E0,8,06 36 81 DD E7 01 3C 00
TransferData[130],CAN,0x7E0,8,06 36 82 DD E7 00 2C 00
TransferData[131],CAN,0x7E0,8,06 36 83 14 BF 00 20 00
TransferData[132],CAN,0x7E0,8,06 36 84 03 20 DD E7 00
TransferData[133],CAN,0x7E0,8,06 36 85 02 20 DB E7 00
TransferData[134],CAN,0x7E0,8,06 36 86 00 20 D9 E7 00
TransferData[135],CAN,0x7E0,8,06 36 87 00 40 06 40 00
TransferData[136],CAN,0x7E0,8,06 36 88 00 36 6E 01 00
TransferData[137],CAN,0x7E0,8,06 36 89 2D E9 F8 43 00
TransferData[138],CAN,0x7E0,8,06 36 8A 91 F8 02 90 00
TransferData[139],CAN,0x7E0,8,06 36 8B 4E 78 0D 78 00
TransferData[140],CAN,0x7E0,8,06 36 8C 07 46 00 30 00
TransferData[141],CAN,0x7E0,8,06 36 8D 18 BF 01 20 00
TransferData[142],CAN,0x7E0,8,06 36 8E 08 B9 00 BE 00
TransferData[143],CAN,0x7E0,8,06 36 8F FE E7 80 46 00
TransferData[144],CAN,0x7E0,8,06 36 90 0C 46 CB 78 00
TransferData[145],CAN,0x7E0,8,06 36 91 01 3B 05 2B 00
TransferData[146],CAN,0x7E0,8,06 36 92 52 D8 DF E8 00
TransferData[147],CAN,0x7E0,8,06 36 93 03 F0 03 48 00
TransferData[148],CAN,0x7E0,8,06 36 94 4B 51 51 4E 00
TransferData[149],CAN,0x7E0,8,06 36 95 FF F7 A8 FD 00
TransferData[150],CAN,0x7E0,8,06 36 96 09 F1 01 02 00
TransferData[151],CAN,0x7E0,8,06 36 97 06 FB 02 26 00
TransferData[152],CAN,0x7E0,8,06 36 98 05 FB 02 25 00
TransferData[153],CAN,0x7E0,8,06 36 99 03 09 02 2F 00
TransferData[154],CAN,0x7E0,8,06 36 9A 44 D0 03 2F 00
TransferData[155],CAN,0x7E0,8,06 36 9B 78 D0 01 2F 00
TransferData[156],CAN,0x7E0,8,06 36 9C 40 F0 B5 80 00
TransferData[157],CAN,0x7E0,8,06 36 9D E1 78 0C 20 00
TransferData[158],CAN,0x7E0,8,06 36 9E 00 FB 01 F0 00
TransferData[159],CAN,0x7E0,8,06 36 9F 66 4F 38 58 00
TransferData[160],CAN,0x7E0,8,06 36 A0 00 09 02 FB 00
TransferData[161],CAN,0x7E0,8,06 36 A1 00 F2 93 42 00
TransferData[162],CAN,0x7E0,8,06 36 A2 00 F2 AB 80 00
TransferData[163],CAN,0x7E0,8,06 36 A3 0C 22 02 FB 00
TransferData[164],CAN,0x7E0,8,06 36 A4 01 72 52 68 00
TransferData[165],CAN,0x7E0,8,06 36 A5 12 09 06 FB 00
TransferData[166],CAN,0x7E0,8,06 36 A6 02 F6 B3 42 00
TransferData[167],CAN,0x7E0,8,06 36 A7 00 F2 A4 80 00
TransferData[168],CAN,0x7E0,8,06 36 A8 0C 22 02 FB 00
TransferData[169],CAN,0x7E0,8,06 36 A9 01 72 92 68 00
TransferData[170],CAN,0x7E0,8,06 36 AA 12 09 05 FB 00
TransferData[171],CAN,0x7E0,8,06 36 AB 02 F5 AB 42 00
TransferData[172],CAN,0x7E0,8,06 36 AC 00 F2 9D 80 00
TransferData[173],CAN,0x7E0,8,06 36 AD A3 78 1B 04 00
TransferData[174],CAN,0x7E0,8,06 36 AE 03 F4 70 23 00
TransferData[175],CAN,0x7E0,8,06 36 AF 09 06 01 F0 00
TransferData[176],CAN,0x7E0,8,06 36 B0 70 61 0B 43 00
TransferData[177],CAN,0x7E0,8,06 36 B1 22 78 02 F0 00
TransferData[178],CAN,0x7E0,8,06 36 B2 0F 02 13 43 00
TransferData[179],CAN,0x7E0,8,06 36 B3 62 78 12 01 00
TransferData[180],CAN,0x7E0,8,06 36 B4 D2 B2 13 43 00
TransferData[181],CAN,0x7E0,8,06 36 B5 51 4A 53 61 00
TransferData[182],CAN,0x7E0,8,06 36 B6 00 20 BD E8 00
TransferData[183],CAN,0x7E0,8,06 36 B7 F8 83 FF F7 00
TransferData[184],CAN,0x7E0,8,06 36 B8 07 FE B9 E7 00
TransferData[185],CAN,0x7E0,8,06 36 B9 FF F7 7C FE 00
TransferData[186],CAN,0x7E0,8,06 36 BA B6 E7 FF F7 00
TransferData[187],CAN,0x7E0,8,06 36 BB E3 FE B3 E7 00
TransferData[188],CAN,0x7E0,8,06 36 BC 00 20 B1 E7 00
TransferData[189],CAN,0x7E0,8,06 36 BD E1 78 02 29 00
TransferData[190],CAN,0x7E0,8,06 36 BE 01 D0 00 BE 00
TransferData[191],CAN,0x7E0,8,06 36 BF FE E7 0C 20 00
TransferData[192],CAN,0x7E0,8,06 36 C0 00 FB 01 F0 00
TransferData[193],CAN,0x7E0,8,06 36 C1 46 4F 38 58 00
TransferData[194],CAN,0x7E0,8,06 36 C2 00 09 02 FB 00
TransferData[195],CAN,0x7E0,8,06 36 C3 00 F2 93 42 00
TransferData[196],CAN,0x7E0,8,06 36 C4 70 D8 0C 22 00
TransferData[197],CAN,0x7E0,8,06 36 C5 02 FB 01 72 00
TransferData[198],CAN,0x7E0,8,06 36 C6 52 68 12 09 00
TransferData[199],CAN,0x7E0,8,06 36 C7 06 FB 02 F6 00
TransferData[200],CAN,0x7E0,8,06 36 C8 B3 42 6A D8 00
TransferData[201],CAN,0x7E0,8,06 36 C9 0C 22 02 FB 00
TransferData[202],CAN,0x7E0,8,06 36 CA 01 72 92 68 00
TransferData[203],CAN,0x7E0,8,06 36 CB 12 09 05 FB 00
TransferData[204],CAN,0x7E0,8,06 36 CC 02 F5 AB 42 00
TransferData[205],CAN,0x7E0,8,06 36 CD 64 D8 A3 78 00
TransferData[206],CAN,0x7E0,8,06 36 CE 1B 04 03 F4 00
TransferData[207],CAN,0x7E0,8,06 36 CF 70 23 09 06 00
TransferData[208],CAN,0x7E0,8,06 36 D0 01 F0 70 61 00
TransferData[209],CAN,0x7E0,8,06 36 D1 0B 43 22 78 00
TransferData[210],CAN,0x7E0,8,06 36 D2 02 F0 0F 02 00
TransferData[211],CAN,0x7E0,8,06 36 D3 13 43 62 78 00
TransferData[212],CAN,0x7E0,8,06 36 D4 12 01 D2 B2 00
TransferData[213],CAN,0x7E0,8,06 36 D5 13 43 31 4A 00
TransferData[214],CAN,0x7E0,8,06 36 D6 93 61 00 20 00
TransferData[215],CAN,0x7E0,8,06 36 D7 BD E8 F8 83 00
TransferData[216],CAN,0x7E0,8,06 36 D8 E1 78 03 29 00
TransferData[217],CAN,0x7E0,8,06 36 D9 05 D0 06 29 00
TransferData[218],CAN,0x7E0,8,06 36 DA 14 BF 4F F0 00
TransferData[219],CAN,0x7E0,8,06 36 DB 00 08 4F F0 00
TransferData[220],CAN,0x7E0,8,06 36 DC 01 08 B8 F1 00
TransferData[221],CAN,0x7E0,8,06 36 DD 00 0F 01 D1 00
TransferData[222],CAN,0x7E0,8,06 36 DE 00 BE FE E7 00
TransferData[223],CAN,0x7E0,8,06 36 DF 0C 20 00 FB 00
TransferData[224],CAN,0x7E0,8,06 36 E0 01 F0 28 4F 00
TransferData[225],CAN,0x7E0,8,06 36 E1 38 58 00 09 00
TransferData[226],CAN,0x7E0,8,06 36 E2 02 FB 00 F2 00
TransferData[227],CAN,0x7E0,8,06 36 E3 93 42 3A D8 00
TransferData[228],CAN,0x7E0,8,06 36 E4 0C 22 02 FB 00
TransferData[229],CAN,0x7E0,8,06 36 E5 01 72 52 68 00
TransferData[230],CAN,0x7E0,8,06 36 E6 12 09 06 FB 00
TransferData[231],CAN,0x7E0,8,06 36 E7 02 F6 B3 42 00
TransferData[232],CAN,0x7E0,8,06 36 E8 34 D8 0C 22 00
TransferData[233],CAN,0x7E0,8,06 36 E9 02 FB 01 72 00
TransferData[234],CAN,0x7E0,8,06 36 EA 92 68 12 09 00
TransferData[235],CAN,0x7E0,8,06 36 EB 05 FB 02 F5 00
TransferData[236],CAN,0x7E0,8,06 36 EC AB 42 2E D8 00
TransferData[237],CAN,0x7E0,8,06 36 ED A3 78 1B 04 00
TransferData[238],CAN,0x7E0,8,06 36 EE 03 F4 70 23 00
TransferData[239],CAN,0x7E0,8,06 36 EF 09 06 01 F0 00
TransferData[240],CAN,0x7E0,8,06 36 F0 70 61 0B 43 00
TransferData[241],CAN,0x7E0,8,06 36 F1 22 78 02 F0 00
TransferData[242],CAN,0x7E0,8,06 36 F2 0F 02 13 43 00
TransferData[243],CAN,0x7E0,8,06 36 F3 62 78 12 01 00
TransferData[244],CAN,0x7E0,8,06 36 F4 D2 B2 13 43 00
TransferData[245],CAN,0x7E0,8,06 36 F5 11 4A D3 61 00
TransferData[246],CAN,0x7E0,8,06 36 F6 00 20 BD E8 00
TransferData[247],CAN,0x7E0,8,06 36 F7 F8 83 00 BE 00
TransferData[248],CAN,0x7E0,8,06 36 F8 FE E7 01 20 00
TransferData[249],CAN,0x7E0,8,06 36 F9 BD E8 F8 83 00
TransferData[250],CAN,0x7E0,8,06 36 FA 01 20 BD E8 00
TransferData[251],CAN,0x7E0,8,06 36 FB F8 83 01 20 00
TransferData[252],CAN,0x7E0,8,06 36 FC BD E8 F8 83 00
TransferData[253],CAN,0x7E0,8,06 36 FD 01 20 BD E8 00
TransferData[254],CAN,0x7E0,8,06 36 FE F8 83 01 20 00
TransferData[255],CAN,0x7E0,8,06 36 FF BD E8 F8 83 00
TransferData[0],CAN,0x7E0,8,06 36 00 01 20 BD E8 00
TransferData[1],CAN,0x7E0,8,06 36 01 F8 83 01 20 00
TransferData[2],CAN,0x7E0,8,06 36 02 BD E8 F8 83 00
TransferData[3],CAN,0x7E0,8,06 36 03 01 20 BD E8 00
TransferData[4],CAN,0x7E0,8,06 36 04 F8 83 01 20 00
TransferData[5],CAN,0x7E0,8,06 36 05 BD E8 F8 83 00
TransferData[6],CAN,0x7E0,8,06 36 06 28 31 01 00 00
TransferData[7],CAN,0x7E0,8,06 36 07 00 40 06 40 00
TransferData[8],CAN,0x7E0,8,06 36 08 7C 31 01 00 00
TransferData[9],CAN,0x7E0,8,06 36 09 D4 30 01 00 00
TransferData[10],CAN,0x7E0,8,06 36 0A 08 B9 00 BE 00
TransferData[11],CAN,0x7E0,8,06 36 0B FE E7 10 B5 00
TransferData[12],CAN,0x7E0,8,06 36 0C 04 46 C3 78 00
TransferData[13],CAN,0x7E0,8,06 36 0D FF 2B 01 D1 00
TransferData[14],CAN,0x7E0,8,06 36 0E 00 BE FE E7 00
TransferData[15],CAN,0x7E0,8,06 36 0F FF F7 A2 FC 00
TransferData[16],CAN,0x7E0,8,06 36 10 04 28 01 D1 00
TransferData[17],CAN,0x7E0,8,06 36 11 00 BE FE E7 00
TransferData[18],CAN,0x7E0,8,06 36 12 21 46 FF F7 00
TransferData[19],CAN,0x7E0,8,06 36 13 EB FE 03 46 00
TransferData[20],CAN,0x7E0,8,06 36 14 58 B9 E4 78 00
TransferData[21],CAN,0x7E0,8,06 36 15 0A 22 08 48 00
TransferData[22],CAN,0x7E0,8,06 36 16 01 3A 01 69 00
TransferData[23],CAN,0x7E0,8,06 36 17 C1 F3 03 61 00
TransferData[24],CAN,0x7E0,8,06 36 18 8C 42 04 D0 00
TransferData[25],CAN,0x7E0,8,06 36 19 00 2A F7 D1 00
TransferData[26],CAN,0x7E0,8,06 36 1A 03 23 18 46 00
TransferData[27],CAN,0x7E0,8,06 36 1B 10 BD 00 2A 00
TransferData[28],CAN,0x7E0,8,06 36 1C 08 BF 03 23 00
TransferData[29],CAN,0x7E0,8,06 36 1D F9 E7 00 BF 00
TransferData[30],CAN,0x7E0,8,06 36 1E 00 40 06 40 00
TransferData[31],CAN,0x7E0,8,06 36 1F 02 28 01 D9 00
TransferData[32],CAN,0x7E0,8,06 36 20 00 BE FE E7 00
TransferData[33],CAN,0x7E0,8,06 36 21 10 B5 04 46 00
TransferData[34],CAN,0x7E0,8,06 36 22 1B 4B 1B 69 00
TransferData[35],CAN,0x7E0,8,06 36 23 C3 F3 03 63 00
TransferData[36],CAN,0x7E0,8,06 36 24 01 3B 05 2B 00
TransferData[37],CAN,0x7E0,8,06 36 25 1D D8 DF E8 00
TransferData[38],CAN,0x7E0,8,06 36 26 03 F0 03 13 00
TransferData[39],CAN,0x7E0,8,06 36 27 16 1C 1C 19 00
TransferData[40],CAN,0x7E0,8,06 36 28 FF F7 82 FC 00
TransferData[41],CAN,0x7E0,8,06 36 29 14 4B 1B 69 00
TransferData[42],CAN,0x7E0,8,06 36 2A C3 F3 03 43 00
TransferData[43],CAN,0x7E0,8,06 36 2B 01 33 B0 FB 00
TransferData[44],CAN,0x7E0,8,06 36 2C F3 F0 01 2C 00
TransferData[45],CAN,0x7E0,8,06 36 2D 0F D0 EC B1 00
TransferData[46],CAN,0x7E0,8,06 36 2E 02 2C 14 D0 00
TransferData[47],CAN,0x7E0,8,06 36 2F 00 20 10 BD 00
TransferData[48],CAN,0x7E0,8,06 36 30 FF F7 16 FD 00
TransferData[49],CAN,0x7E0,8,06 36 31 EE E7 FF F7 00
TransferData[50],CAN,0x7E0,8,06 36 32 8B FD EB E7 00
TransferData[51],CAN,0x7E0,8,06 36 33 FF F7 F2 FD 00
TransferData[52],CAN,0x7E0,8,06 36 34 E8 E7 00 20 00
TransferData[53],CAN,0x7E0,8,06 36 35 E6 E7 08 4B 00
TransferData[54],CAN,0x7E0,8,06 36 36 1B 69 C3 F3 00
TransferData[55],CAN,0x7E0,8,06 36 37 03 13 01 33 00
TransferData[56],CAN,0x7E0,8,06 36 38 B0 FB F3 F0 00
TransferData[57],CAN,0x7E0,8,06 36 39 10 BD 04 4B 00
TransferData[58],CAN,0x7E0,8,06 36 3A 1B 69 03 F0 00
TransferData[59],CAN,0x7E0,8,06 36 3B 0F 03 01 33 00
TransferData[60],CAN,0x7E0,8,06 36 3C B0 FB F3 F0 00
TransferData[61],CAN,0x7E0,8,06 36 3D 10 BD 00 BF 00
TransferData[62],CAN,0x7E0,8,06 36 3E 00 40 06 40 00
TransferData[63],CAN,0x7E0,8,06 36 3F 08 B5 0F 4B 00
TransferData[64],CAN,0x7E0,8,06 36 40 1B 6A C3 F3 00
TransferData[65],CAN,0x7E0,8,06 36 41 03 63 06 2B 00
TransferData[66],CAN,0x7E0,8,06 36 42 15 D8 DF E8 00
TransferData[67],CAN,0x7E0,8,06 36 43 03 F0 04 08 00
TransferData[68],CAN,0x7E0,8,06 36 44 0B 0E 14 14 00
TransferData[69],CAN,0x7E0,8,06 36 45 11 00 02 20 00
TransferData[70],CAN,0x7E0,8,06 36 46 FF F7 B0 FF 00
TransferData[71],CAN,0x7E0,8,06 36 47 08 BD FF F7 00
TransferData[72],CAN,0x7E0,8,06 36 48 43 FC 08 BD 00
TransferData[73],CAN,0x7E0,8,06 36 49 FF F7 E4 FC 00
TransferData[74],CAN,0x7E0,8,06 36 4A 08 BD FF F7 00
TransferData[75],CAN,0x7E0,8,06 36 4B 59 FD 08 BD 00
TransferData[76],CAN,0x7E0,8,06 36 4C FF F7 C0 FD 00
TransferData[77],CAN,0x7E0,8,06 36 4D 08 BD 00 20 00
TransferData[78],CAN,0x7E0,8,06 36 4E 08 BD 00 BF 00
TransferData[79],CAN,0x7E0,8,06 36 4F 00 40 06 40 00
TransferData[80],CAN,0x7E0,8,06 36 50 08 B5 19 B1 00
TransferData[81],CAN,0x7E0,8,06 36 51 01 29 2F D0 00
TransferData[82],CAN,0x7E0,8,06 36 52 00 BE FE E7 00
TransferData[83],CAN,0x7E0,8,06 36 53 04 38 03 28 00
TransferData[84],CAN,0x7E0,8,06 36 54 28 D8 DF E8 00
TransferData[85],CAN,0x7E0,8,06 36 55 00 F0 0F 02 00
TransferData[86],CAN,0x7E0,8,06 36 56 17 1F FF F7 00
TransferData[87],CAN,0x7E0,8,06 36 57 41 FD 27 4B 00
TransferData[88],CAN,0x7E0,8,06 36 58 D3 F8 04 33 00
TransferData[89],CAN,0x7E0,8,06 36 59 03 F0 07 03 00
TransferData[90],CAN,0x7E0,8,06 36 5A 13 B1 01 3B 00
TransferData[91],CAN,0x7E0,8,06 36 5B 20 FA 03 F3 00
TransferData[92],CAN,0x7E0,8,06 36 5C 18 46 08 BD 00
TransferData[93],CAN,0x7E0,8,06 36 5D FF F7 BC FC 00
TransferData[94],CAN,0x7E0,8,06 36 5E 20 4B D3 F8 00
TransferData[95],CAN,0x7E0,8,06 36 5F 04 32 03 F0 00
TransferData[96],CAN,0x7E0,8,06 36 60 07 03 F1 E7 00
TransferData[97],CAN,0x7E0,8,06 36 61 FF F7 10 FC 00
TransferData[98],CAN,0x7E0,8,06 36 62 1C 4B D3 F8 00
TransferData[99],CAN,0x7E0,8,06 36 63 04 31 03 F0 00
TransferData[100],CAN,0x7E0,8,06 36 64 07 03 E9 E7 00
TransferData[101],CAN,0x7E0,8,06 36 65 FF F7 8E FD 00
TransferData[102],CAN,0x7E0,8,06 36 66 18 4B D3 F8 00
TransferData[103],CAN,0x7E0,8,06 36 67 04 36 03 F0 00
TransferData[104],CAN,0x7E0,8,06 36 68 07 03 E1 E7 00
TransferData[105],CAN,0x7E0,8,06 36 69 00 BE FE E7 00
TransferData[106],CAN,0x7E0,8,06 36 6A 04 38 03 28 00
TransferData[107],CAN,0x7E0,8,06 36 6B 23 D8 DF E8 00
TransferData[108],CAN,0x7E0,8,06 36 6C 00 F0 0A 02 00
TransferData[109],CAN,0x7E0,8,06 36 6D 12 1A FF F7 00
TransferData[110],CAN,0x7E0,8,06 36 6E 13 FD 10 4B 00
TransferData[111],CAN,0x7E0,8,06 36 6F D3 F8 04 33 00
TransferData[112],CAN,0x7E0,8,06 36 70 C3 F3 02 23 00
TransferData[113],CAN,0x7E0,8,06 36 71 D0 E7 FF F7 00
TransferData[114],CAN,0x7E0,8,06 36 72 93 FC 0C 4B 00
TransferData[115],CAN,0x7E0,8,06 36 73 D3 F8 04 32 00
TransferData[116],CAN,0x7E0,8,06 36 74 C3 F3 02 23 00
TransferData[117],CAN,0x7E0,8,06 36 75 C8 E7 FF F7 00
TransferData[118],CAN,0x7E0,8,06 36 76 E7 FB 08 4B 00
TransferData[119],CAN,0x7E0,8,06 36 77 D3 F8 04 31 00
TransferData[120],CAN,0x7E0,8,06 36 78 C3 F3 02 23 00
TransferData[121],CAN,0x7E0,8,06 36 79 C0 E7 FF F7 00
TransferData[122],CAN,0x7E0,8,06 36 7A 65 FD 04 4B 00
TransferData[123],CAN,0x7E0,8,06 36 7B D3 F8 04 36 00
TransferData[124],CAN,0x7E0,8,06 36 7C C3 F3 02 23 00
TransferData[125],CAN,0x7E0,8,06 36 7D B8 E7 00 BE 00
TransferData[126],CAN,0x7E0,8,06 36 7E FE E7 00 BF 00
TransferData[127],CAN,0x7E0,8,06 36 7F 00 40 06 40 00
TransferData[128],CAN,0x7E0,8,06 36 80 08 B5 11 4B 00
TransferData[129],CAN,0x7E0,8,06 36 81 1B 69 C3 F3 00
TransferData[130],CAN,0x7E0,8,06 36 82 01 13 03 2B 00
TransferData[131],CAN,0x7E0,8,06 36 83 19 D8 DF E8 00
TransferData[132],CAN,0x7E0,8,06 36 84 03 F0 02 07 00
TransferData[133],CAN,0x7E0,8,06 36 85 10 13 00 21 00
TransferData[134],CAN,0x7E0,8,06 36 86 06 20 FF F7 00
TransferData[135],CAN,0x7E0,8,06 36 87 91 FF 08 BD 00
TransferData[136],CAN,0x7E0,8,06 36 88 09 4B 18 69 00
TransferData[137],CAN,0x7E0,8,06 36 89 00 F0 02 00 00
TransferData[138],CAN,0x7E0,8,06 36 8A 00 28 18 BF 00
TransferData[139],CAN,0x7E0,8,06 36 8B 4F F4 FA 40 00
TransferData[140],CAN,0x7E0,8,06 36 8C 08 BD 06 4B 00
TransferData[141],CAN,0x7E0,8,06 36 8D 18 68 08 BD 00
TransferData[142],CAN,0x7E0,8,06 36 8E 00 21 05 20 00
TransferData[143],CAN,0x7E0,8,06 36 8F FF F7 80 FF 00
TransferData[144],CAN,0x7E0,8,06 36 90 08 BD 00 20 00
TransferData[145],CAN,0x7E0,8,06 36 91 08 BD 00 BF 00
TransferData[146],CAN,0x7E0,8,06 36 92 00 80 04 40 00
TransferData[147],CAN,0x7E0,8,06 36 93 28 00 00 20 00
TransferData[148],CAN,0x7E0,8,06 36 94 13 4B 1B 69 00
TransferData[149],CAN,0x7E0,8,06 36 95 C3 F3 81 03 00
TransferData[150],CAN,0x7E0,8,06 36 96 03 2B 1B D8 00
TransferData[151],CAN,0x7E0,8,06 36 97 DF E8 03 F0 00
TransferData[152],CAN,0x7E0,8,06 36 98 1C 02 04 0D 00
TransferData[153],CAN,0x7E0,8,06 36 99 00 20 70 47 00
TransferData[154],CAN,0x7E0,8,06 36 9A 0D 4B 18 69 00
TransferData[155],CAN,0x7E0,8,06 36 9B 00 F0 02 00 00
TransferData[156],CAN,0x7E0,8,06 36 9C 00 28 18 BF 00
TransferData[157],CAN,0x7E0,8,06 36 9D 4F F4 FA 40 00
TransferData[158],CAN,0x7E0,8,06 36 9E 70 47 09 4B 00
TransferData[159],CAN,0x7E0,8,06 36 9F 18 69 10 F0 00
TransferData[160],CAN,0x7E0,8,06 36 A0 02 00 0B D0 00
TransferData[161],CAN,0x7E0,8,06 36 A1 18 69 00 F0 00
TransferData[162],CAN,0x7E0,8,06 36 A2 01 00 00 28 00
TransferData[163],CAN,0x7E0,8,06 36 A3 18 BF 4F F4 00
TransferData[164],CAN,0x7E0,8,06 36 A4 7A 70 70 47 00
TransferData[165],CAN,0x7E0,8,06 36 A5 00 BE FE E7 00
TransferData[166],CAN,0x7E0,8,06 36 A6 4F F4 FA 30 00
TransferData[167],CAN,0x7E0,8,06 36 A7 70 47 00 BF 00
TransferData[168],CAN,0x7E0,8,06 36 A8 00 80 04 40 00
TransferData[169],CAN,0x7E0,8,06 36 A9 08 B5 24 4B 00
TransferData[170],CAN,0x7E0,8,06 36 AA 5B 68 13 F4 00
TransferData[171],CAN,0x7E0,8,06 36 AB 00 6F 40 D0 00
TransferData[172],CAN,0x7E0,8,06 36 AC 21 4B 5B 68 00
TransferData[173],CAN,0x7E0,8,06 36 AD C3 F3 03 13 00
TransferData[174],CAN,0x7E0,8,06 36 AE 0E 2B 09 D8 00
TransferData[175],CAN,0x7E0,8,06 36 AF DF E8 03 F0 00
TransferData[176],CAN,0x7E0,8,06 36 B0 0A 08 0D 08 00
TransferData[177],CAN,0x7E0,8,06 36 B1 12 08 17 1C 00
TransferData[178],CAN,0x7E0,8,06 36 B2 20 25 2F 08 00
TransferData[179],CAN,0x7E0,8,06 36 B3 29 08 2C 00 00
TransferData[180],CAN,0x7E0,8,06 36 B4 00 20 26 E0 00
TransferData[181],CAN,0x7E0,8,06 36 B5 FF F7 12 FF 00
TransferData[182],CAN,0x7E0,8,06 36 B6 23 E0 01 21 00
TransferData[183],CAN,0x7E0,8,06 36 B7 06 20 FF F7 00
TransferData[184],CAN,0x7E0,8,06 36 B8 2F FF 1E E0 00
TransferData[185],CAN,0x7E0,8,06 36 B9 01 21 04 20 00
TransferData[186],CAN,0x7E0,8,06 36 BA FF F7 2A FF 00
TransferData[187],CAN,0x7E0,8,06 36 BB 19 E0 01 21 00
TransferData[188],CAN,0x7E0,8,06 36 BC 05 20 FF F7 00
TransferData[189],CAN,0x7E0,8,06 36 BD 25 FF 14 E0 00
TransferData[190],CAN,0x7E0,8,06 36 BE 00 20 FF F7 00
TransferData[191],CAN,0x7E0,8,06 36 BF BF FE 10 E0 00
TransferData[192],CAN,0x7E0,8,06 36 C0 01 21 07 20 00
TransferData[193],CAN,0x7E0,8,06 36 C1 FF F7 1C FF 00
TransferData[194],CAN,0x7E0,8,06 36 C2 0B E0 01 20 00
TransferData[195],CAN,0x7E0,8,06 36 C3 FF F7 B6 FE 00
TransferData[196],CAN,0x7E0,8,06 36 C4 07 E0 FF F7 00
TransferData[197],CAN,0x7E0,8,06 36 C5 9D FF 04 E0 00
TransferData[198],CAN,0x7E0,8,06 36 C6 FF F7 72 FF 00
TransferData[199],CAN,0x7E0,8,06 36 C7 01 E0 4F F4 00
TransferData[200],CAN,0x7E0,8,06 36 C8 FA 30 05 4B 00
TransferData[201],CAN,0x7E0,8,06 36 C9 5B 68 C3 F3 00
TransferData[202],CAN,0x7E0,8,06 36 CA 02 23 01 33 00
TransferData[203],CAN,0x7E0,8,06 36 CB B0 FB F3 F0 00
TransferData[204],CAN,0x7E0,8,06 36 CC 08 BD 00 20 00
TransferData[205],CAN,0x7E0,8,06 36 CD 08 BD 00 BF 00
TransferData[206],CAN,0x7E0,8,06 36 CE 00 80 04 40 00
TransferData[207],CAN,0x7E0,8,06 36 CF 10 B5 0C 46 00
TransferData[208],CAN,0x7E0,8,06 36 D0 A0 F1 15 03 00
TransferData[209],CAN,0x7E0,8,06 36 D1 03 2B 36 D8 00
TransferData[210],CAN,0x7E0,8,06 36 D2 DF E8 03 F0 00
TransferData[211],CAN,0x7E0,8,06 36 D3 02 15 20 2B 00
TransferData[212],CAN,0x7E0,8,06 36 D4 60 4B DB 68 00
TransferData[213],CAN,0x7E0,8,06 36 D5 C3 F3 01 63 00
TransferData[214],CAN,0x7E0,8,06 36 D6 02 2B 00 F2 00
TransferData[215],CAN,0x7E0,8,06 36 D7 AD 80 5E 4A 00
TransferData[216],CAN,0x7E0,8,06 36 D8 52 F8 23 30 00
TransferData[217],CAN,0x7E0,8,06 36 D9 00 20 00 2B 00
TransferData[218],CAN,0x7E0,8,06 36 DA 00 F0 9B 80 00
TransferData[219],CAN,0x7E0,8,06 36 DB 00 2C 00 F0 00
TransferData[220],CAN,0x7E0,8,06 36 DC AF 80 23 60 00
TransferData[221],CAN,0x7E0,8,06 36 DD 10 BD 57 4B 00
TransferData[222],CAN,0x7E0,8,06 36 DE DB 68 C3 F3 00
TransferData[223],CAN,0x7E0,8,06 36 DF 81 63 02 2B 00
TransferData[224],CAN,0x7E0,8,06 36 E0 00 F2 9C 80 00
TransferData[225],CAN,0x7E0,8,06 36 E1 54 4A 52 F8 00
TransferData[226],CAN,0x7E0,8,06 36 E2 23 30 EB E7 00
TransferData[227],CAN,0x7E0,8,06 36 E3 51 4B DB 68 00
TransferData[228],CAN,0x7E0,8,06 36 E4 C3 F3 01 73 00
TransferData[229],CAN,0x7E0,8,06 36 E5 02 2B 00 F2 00
TransferData[230],CAN,0x7E0,8,06 36 E6 93 80 4F 4A 00
TransferData[231],CAN,0x7E0,8,06 36 E7 52 F8 23 30 00
TransferData[232],CAN,0x7E0,8,06 36 E8 E0 E7 4C 4B 00
TransferData[233],CAN,0x7E0,8,06 36 E9 DB 68 9B 0F 00
TransferData[234],CAN,0x7E0,8,06 36 EA 02 2B 00 F2 00
TransferData[235],CAN,0x7E0,8,06 36 EB 8B 80 4A 4A 00
TransferData[236],CAN,0x7E0,8,06 36 EC 52 F8 23 30 00
TransferData[237],CAN,0x7E0,8,06 36 ED D6 E7 A0 F1 00
TransferData[238],CAN,0x7E0,8,06 36 EE 19 03 05 2B 00
TransferData[239],CAN,0x7E0,8,06 36 EF 3E D8 DF E8 00
TransferData[240],CAN,0x7E0,8,06 36 F0 03 F0 03 07 00
TransferData[241],CAN,0x7E0,8,06 36 F1 0B 15 27 34 00
TransferData[242],CAN,0x7E0,8,06 36 F2 FF F7 6C FF 00
TransferData[243],CAN,0x7E0,8,06 36 F3 03 46 C9 E7 00
TransferData[244],CAN,0x7E0,8,06 36 F4 FF F7 16 FF 00
TransferData[245],CAN,0x7E0,8,06 36 F5 03 46 C5 E7 00
TransferData[246],CAN,0x7E0,8,06 36 F6 40 4B 9B 78 00
TransferData[247],CAN,0x7E0,8,06 36 F7 DB 09 01 D0 00
TransferData[248],CAN,0x7E0,8,06 36 F8 00 23 BF E7 00
TransferData[249],CAN,0x7E0,8,06 36 F9 FF F7 34 FF 00
TransferData[250],CAN,0x7E0,8,06 36 FA 03 46 BB E7 00
TransferData[251],CAN,0x7E0,8,06 36 FB 3B 4B 9B 78 00
TransferData[252],CAN,0x7E0,8,06 36 FC DB 09 69 D1 00
TransferData[253],CAN,0x7E0,8,06 36 FD 37 4B 1B 69 00
TransferData[254],CAN,0x7E0,8,06 36 FE 13 F0 02 03 00
TransferData[255],CAN,0x7E0,8,06 36 FF B2 D0 35 4B 00
TransferData[0],CAN,0x7E0,8,06 36 00 1B 69 03 F0 00
TransferData[1],CAN,0x7E0,8,06 36 01 01 03 00 2B 00
TransferData[2],CAN,0x7E0,8,06 36 02 18 BF 4F F4 00
TransferData[3],CAN,0x7E0,8,06 36 03 7A 73 A9 E7 00
TransferData[4],CAN,0x7E0,8,06 36 04 32 4B 9B 78 00
TransferData[5],CAN,0x7E0,8,06 36 05 DB 09 59 D1 00
TransferData[6],CAN,0x7E0,8,06 36 06 2E 4B 1B 69 00
TransferData[7],CAN,0x7E0,8,06 36 07 03 F0 02 03 00
TransferData[8],CAN,0x7E0,8,06 36 08 00 2B 18 BF 00
TransferData[9],CAN,0x7E0,8,06 36 09 4F F4 FA 43 00
TransferData[10],CAN,0x7E0,8,06 36 0A 9C E7 2C 4B 00
TransferData[11],CAN,0x7E0,8,06 36 0B 9B 78 DB 09 00
TransferData[12],CAN,0x7E0,8,06 36 0C 00 2B 14 BF 00
TransferData[13],CAN,0x7E0,8,06 36 0D 00 23 4F F4 00
TransferData[14],CAN,0x7E0,8,06 36 0E FA 33 93 E7 00
TransferData[15],CAN,0x7E0,8,06 36 0F 1F 38 04 28 00
TransferData[16],CAN,0x7E0,8,06 36 10 2C D8 DF E8 00
TransferData[17],CAN,0x7E0,8,06 36 11 00 F0 03 0B 00
TransferData[18],CAN,0x7E0,8,06 36 12 13 1B 23 00 00
TransferData[19],CAN,0x7E0,8,06 36 13 21 4B 1B 6C 00
TransferData[20],CAN,0x7E0,8,06 36 14 C3 F3 00 13 00
TransferData[21],CAN,0x7E0,8,06 36 15 53 BB 4F F4 00
TransferData[22],CAN,0x7E0,8,06 36 16 80 70 87 E7 00
TransferData[23],CAN,0x7E0,8,06 36 17 1D 4B 1B 6C 00
TransferData[24],CAN,0x7E0,8,06 36 18 C3 F3 C0 03 00
TransferData[25],CAN,0x7E0,8,06 36 19 13 BB 4F F4 00
TransferData[26],CAN,0x7E0,8,06 36 1A 80 70 7F E7 00
TransferData[27],CAN,0x7E0,8,06 36 1B 19 4B 1B 6C 00
TransferData[28],CAN,0x7E0,8,06 36 1C C3 F3 80 03 00
TransferData[29],CAN,0x7E0,8,06 36 1D D3 B9 4F F4 00
TransferData[30],CAN,0x7E0,8,06 36 1E 80 70 77 E7 00
TransferData[31],CAN,0x7E0,8,06 36 1F 15 4B 1B 6C 00
TransferData[32],CAN,0x7E0,8,06 36 20 C3 F3 40 03 00
TransferData[33],CAN,0x7E0,8,06 36 21 93 B9 4F F4 00
TransferData[34],CAN,0x7E0,8,06 36 22 80 70 6F E7 00
TransferData[35],CAN,0x7E0,8,06 36 23 11 4B 1B 6C 00
TransferData[36],CAN,0x7E0,8,06 36 24 13 F0 01 03 00
TransferData[37],CAN,0x7E0,8,06 36 25 0A D1 4F F4 00
TransferData[38],CAN,0x7E0,8,06 36 26 80 70 67 E7 00
TransferData[39],CAN,0x7E0,8,06 36 27 04 20 00 23 00
TransferData[40],CAN,0x7E0,8,06 36 28 61 E7 04 28 00
TransferData[41],CAN,0x7E0,8,06 36 29 18 BF 4F F4 00
TransferData[42],CAN,0x7E0,8,06 36 2A 80 70 5F E7 00
TransferData[43],CAN,0x7E0,8,06 36 2B 01 20 FF F7 00
TransferData[44],CAN,0x7E0,8,06 36 2C E5 FD 03 46 00
TransferData[45],CAN,0x7E0,8,06 36 2D 00 20 56 E7 00
TransferData[46],CAN,0x7E0,8,06 36 2E 00 23 53 E7 00
TransferData[47],CAN,0x7E0,8,06 36 2F 00 23 51 E7 00
TransferData[48],CAN,0x7E0,8,06 36 30 00 23 4F E7 00
TransferData[49],CAN,0x7E0,8,06 36 31 00 23 4D E7 00
TransferData[50],CAN,0x7E0,8,06 36 32 00 23 4B E7 00
TransferData[51],CAN,0x7E0,8,06 36 33 00 23 49 E7 00
TransferData[52],CAN,0x7E0,8,06 36 34 10 BD 00 BF 00
TransferData[53],CAN,0x7E0,8,06 36 35 00 80 04 40 00
TransferData[54],CAN,0x7E0,8,06 36 36 2C 00 00 20 00
TransferData[55],CAN,0x7E0,8,06 36 37 00 D0 07 40 00
TransferData[56],CAN,0x7E0,8,06 36 38 30 B5 83 B0 00
TransferData[57],CAN,0x7E0,8,06 36 39 00 23 01 93 00
TransferData[58],CAN,0x7E0,8,06 36 3A 2E 4B 33 F8 00
TransferData[59],CAN,0x7E0,8,06 36 3B 10 30 9B 00 00
TransferData[60],CAN,0x7E0,8,06 36 3C 03 F1 80 43 00
TransferData[61],CAN,0x7E0,8,06 36 3D 03 F5 CA 23 00
TransferData[62],CAN,0x7E0,8,06 36 3E 1D 68 C5 F3 00
TransferData[63],CAN,0x7E0,8,06 36 3F C0 05 1C 68 00
TransferData[64],CAN,0x7E0,8,06 36 40 04 F0 07 04 00
TransferData[65],CAN,0x7E0,8,06 36 41 AC 42 19 D3 00
TransferData[66],CAN,0x7E0,8,06 36 42 1A 68 12 F0 00
TransferData[67],CAN,0x7E0,8,06 36 43 80 4F 15 D0 00
TransferData[68],CAN,0x7E0,8,06 36 44 1B 68 C3 F3 00
TransferData[69],CAN,0x7E0,8,06 36 45 02 63 01 3B 00
TransferData[70],CAN,0x7E0,8,06 36 46 05 2B 21 D8 00
TransferData[71],CAN,0x7E0,8,06 36 47 DF E8 03 F0 00
TransferData[72],CAN,0x7E0,8,06 36 48 03 11 16 20 00
TransferData[73],CAN,0x7E0,8,06 36 49 20 1B 06 20 00
TransferData[74],CAN,0x7E0,8,06 36 4A FF F7 0A FE 00
TransferData[75],CAN,0x7E0,8,06 36 4B 01 90 01 34 00
TransferData[76],CAN,0x7E0,8,06 36 4C 01 9B B3 FB 00
TransferData[77],CAN,0x7E0,8,06 36 4D F4 F4 05 FB 00
TransferData[78],CAN,0x7E0,8,06 36 4E 04 44 01 94 00
TransferData[79],CAN,0x7E0,8,06 36 4F 01 98 03 B0 00
TransferData[80],CAN,0x7E0,8,06 36 50 30 BD 04 20 00
TransferData[81],CAN,0x7E0,8,06 36 51 FF F7 FC FD 00
TransferData[82],CAN,0x7E0,8,06 36 52 01 90 F0 E7 00
TransferData[83],CAN,0x7E0,8,06 36 53 05 20 FF F7 00
TransferData[84],CAN,0x7E0,8,06 36 54 F7 FD 01 90 00
TransferData[85],CAN,0x7E0,8,06 36 55 EB E7 07 20 00
TransferData[86],CAN,0x7E0,8,06 36 56 FF F7 F2 FD 00
TransferData[87],CAN,0x7E0,8,06 36 57 01 90 E6 E7 00
TransferData[88],CAN,0x7E0,8,06 36 58 3C 38 03 28 00
TransferData[89],CAN,0x7E0,8,06 36 59 1B D8 DF E8 00
TransferData[90],CAN,0x7E0,8,06 36 5A 00 F0 02 08 00
TransferData[91],CAN,0x7E0,8,06 36 5B 0E 14 01 A9 00
TransferData[92],CAN,0x7E0,8,06 36 5C 15 20 FF F7 00
TransferData[93],CAN,0x7E0,8,06 36 5D E3 FE 00 24 00
TransferData[94],CAN,0x7E0,8,06 36 5E D9 E7 01 A9 00
TransferData[95],CAN,0x7E0,8,06 36 5F 16 20 FF F7 00
TransferData[96],CAN,0x7E0,8,06 36 60 DD FE 00 24 00
TransferData[97],CAN,0x7E0,8,06 36 61 D3 E7 01 A9 00
TransferData[98],CAN,0x7E0,8,06 36 62 17 20 FF F7 00
TransferData[99],CAN,0x7E0,8,06 36 63 D7 FE 00 24 00
TransferData[100],CAN,0x7E0,8,06 36 64 CD E7 01 A9 00
TransferData[101],CAN,0x7E0,8,06 36 65 18 20 FF F7 00
TransferData[102],CAN,0x7E0,8,06 36 66 D1 FE 00 24 00
TransferData[103],CAN,0x7E0,8,06 36 67 C7 E7 00 24 00
TransferData[104],CAN,0x7E0,8,06 36 68 C5 E7 00 BF 00
TransferData[105],CAN,0x7E0,8,06 36 69 34 30 01 00 00
TransferData[106],CAN,0x7E0,8,06 36 6A F0 B5 A5 B0 00
TransferData[107],CAN,0x7E0,8,06 36 6B 04 46 FF F7 00
TransferData[108],CAN,0x7E0,8,06 36 6C E9 F9 01 28 00
TransferData[109],CAN,0x7E0,8,06 36 6D 01 D0 00 BE 00
TransferData[110],CAN,0x7E0,8,06 36 6E FE E7 2C B1 00
TransferData[111],CAN,0x7E0,8,06 36 6F 26 46 00 2C 00
TransferData[112],CAN,0x7E0,8,06 36 70 40 F0 71 81 00
TransferData[113],CAN,0x7E0,8,06 36 71 00 BE FE E7 00
TransferData[114],CAN,0x7E0,8,06 36 72 01 23 8D F8 00
TransferData[115],CAN,0x7E0,8,06 36 73 0B 30 00 22 00
TransferData[116],CAN,0x7E0,8,06 36 74 8D F8 0C 20 00
TransferData[117],CAN,0x7E0,8,06 36 75 8D F8 0D 30 00
TransferData[118],CAN,0x7E0,8,06 36 76 8D F8 0E 20 00
TransferData[119],CAN,0x7E0,8,06 36 77 8D F8 08 30 00
TransferData[120],CAN,0x7E0,8,06 36 78 8D F8 09 30 00
TransferData[121],CAN,0x7E0,8,06 36 79 8D F8 0A 30 00
TransferData[122],CAN,0x7E0,8,06 36 7A 8D F8 16 30 00
TransferData[123],CAN,0x7E0,8,06 36 7B 8D F8 14 30 00
TransferData[124],CAN,0x7E0,8,06 36 7C 8D F8 15 20 00
TransferData[125],CAN,0x7E0,8,06 36 7D 8D F8 0F 20 00
TransferData[126],CAN,0x7E0,8,06 36 7E 8D F8 10 30 00
TransferData[127],CAN,0x7E0,8,06 36 7F 8D F8 11 30 00
TransferData[128],CAN,0x7E0,8,06 36 80 8D F8 38 30 00
TransferData[129],CAN,0x7E0,8,06 36 81 0D 92 8D F8 00
TransferData[130],CAN,0x7E0,8,06 36 82 25 30 BA 49 00
TransferData[131],CAN,0x7E0,8,06 36 83 06 91 8D F8 00
TransferData[132],CAN,0x7E0,8,06 36 84 1C 20 8D F8 00
TransferData[133],CAN,0x7E0,8,06 36 85 24 20 8D F8 00
TransferData[134],CAN,0x7E0,8,06 36 86 1D 30 8D F8 00
TransferData[135],CAN,0x7E0,8,06 36 87 1E 20 02 20 00
TransferData[136],CAN,0x7E0,8,06 36 88 8D F8 1F 00 00
TransferData[137],CAN,0x7E0,8,06 36 89 8D F8 20 30 00
TransferData[138],CAN,0x7E0,8,06 36 8A 8D F8 21 30 00
TransferData[139],CAN,0x7E0,8,06 36 8B 8D F8 30 30 00
TransferData[140],CAN,0x7E0,8,06 36 8C 8D F8 28 20 00
TransferData[141],CAN,0x7E0,8,06 36 8D 8D F8 2F 20 00
TransferData[142],CAN,0x7E0,8,06 36 8E 8D F8 29 20 00
TransferData[143],CAN,0x7E0,8,06 36 8F 0C 21 8D F8 00
TransferData[144],CAN,0x7E0,8,06 36 90 2A 10 8D F8 00
TransferData[145],CAN,0x7E0,8,06 36 91 2B 20 8D F8 00
TransferData[146],CAN,0x7E0,8,06 36 92 2C 30 8D F8 00
TransferData[147],CAN,0x7E0,8,06 36 93 2D 30 8D F8 00
TransferData[148],CAN,0x7E0,8,06 36 94 3D 30 03 21 00
TransferData[149],CAN,0x7E0,8,06 36 95 8D F8 3C 10 00
TransferData[150],CAN,0x7E0,8,06 36 96 8D F8 4B 30 00
TransferData[151],CAN,0x7E0,8,06 36 97 8D F8 41 10 00
TransferData[152],CAN,0x7E0,8,06 36 98 8D F8 40 20 00
TransferData[153],CAN,0x7E0,8,06 36 99 8D F8 3F 30 00
TransferData[154],CAN,0x7E0,8,06 36 9A 8D F8 3E 30 00
TransferData[155],CAN,0x7E0,8,06 36 9B 8D F8 45 00 00
TransferData[156],CAN,0x7E0,8,06 36 9C 8D F8 44 30 00
TransferData[157],CAN,0x7E0,8,06 36 9D 8D F8 43 20 00
TransferData[158],CAN,0x7E0,8,06 36 9E 8D F8 42 10 00
TransferData[159],CAN,0x7E0,8,06 36 9F 06 20 8D F8 00
TransferData[160],CAN,0x7E0,8,06 36 A0 49 00 8D F8 00
TransferData[161],CAN,0x7E0,8,06 36 A1 48 20 8D F8 00
TransferData[162],CAN,0x7E0,8,06 36 A2 47 30 8D F8 00
TransferData[163],CAN,0x7E0,8,06 36 A3 46 10 9A 49 00
TransferData[164],CAN,0x7E0,8,06 36 A4 22 91 20 21 00
TransferData[165],CAN,0x7E0,8,06 36 A5 21 91 8D F8 00
TransferData[166],CAN,0x7E0,8,06 36 A6 4C 30 8D F8 00
TransferData[167],CAN,0x7E0,8,06 36 A7 4D 20 8D F8 00
TransferData[168],CAN,0x7E0,8,06 36 A8 4E 20 8D F8 00
TransferData[169],CAN,0x7E0,8,06 36 A9 4F 20 8D F8 00
TransferData[170],CAN,0x7E0,8,06 36 AA 50 30 8D F8 00
TransferData[171],CAN,0x7E0,8,06 36 AB 54 30 8D F8 00
TransferData[172],CAN,0x7E0,8,06 36 AC 53 30 8D F8 00
TransferData[173],CAN,0x7E0,8,06 36 AD 52 20 8D F8 00
TransferData[174],CAN,0x7E0,8,06 36 AE 51 20 8D F8 00
TransferData[175],CAN,0x7E0,8,06 36 AF 78 30 8D F8 00
TransferData[176],CAN,0x7E0,8,06 36 B0 79 30 8D F8 00
TransferData[177],CAN,0x7E0,8,06 36 B1 7A 30 8D F8 00
TransferData[178],CAN,0x7E0,8,06 36 B2 7B 30 8D F8 00
TransferData[179],CAN,0x7E0,8,06 36 B3 7C 30 8D F8 00
TransferData[180],CAN,0x7E0,8,06 36 B4 7D 30 8D F8 00
TransferData[181],CAN,0x7E0,8,06 36 B5 83 30 8D F8 00
TransferData[182],CAN,0x7E0,8,06 36 B6 58 30 17 92 00
TransferData[183],CAN,0x7E0,8,06 36 B7 18 92 19 92 00
TransferData[184],CAN,0x7E0,8,06 36 B8 1A 92 1B 92 00
TransferData[185],CAN,0x7E0,8,06 36 B9 1C 92 1D 92 00
TransferData[186],CAN,0x7E0,8,06 36 BA 8D F8 7E 30 00
TransferData[187],CAN,0x7E0,8,06 36 BB 8D F8 7F 30 00
TransferData[188],CAN,0x7E0,8,06 36 BC 8D F8 80 20 00
TransferData[189],CAN,0x7E0,8,06 36 BD 8D F8 81 20 00
TransferData[190],CAN,0x7E0,8,06 36 BE 8D F8 82 20 00
TransferData[191],CAN,0x7E0,8,06 36 BF 8D F8 8C 30 00
TransferData[192],CAN,0x7E0,8,06 36 C0 8D F8 8D 30 00
TransferData[193],CAN,0x7E0,8,06 36 C1 8D F8 8E 20 00
TransferData[194],CAN,0x7E0,8,06 36 C2 02 AE 34 46 00
TransferData[195],CAN,0x7E0,8,06 36 C3 7B 4B 1B 69 00
TransferData[196],CAN,0x7E0,8,06 36 C4 C3 F3 03 63 00
TransferData[197],CAN,0x7E0,8,06 36 C5 03 2B 1C D0 00
TransferData[198],CAN,0x7E0,8,06 36 C6 FF F7 62 FA 00
TransferData[199],CAN,0x7E0,8,06 36 C7 38 B9 00 21 00
TransferData[200],CAN,0x7E0,8,06 36 C8 01 20 FF F7 00
TransferData[201],CAN,0x7E0,8,06 36 C9 6D FA 05 46 00
TransferData[202],CAN,0x7E0,8,06 36 CA 00 28 40 F0 00
TransferData[203],CAN,0x7E0,8,06 36 CB B9 80 03 23 00
TransferData[204],CAN,0x7E0,8,06 36 CC 8D F8 07 30 00
TransferData[205],CAN,0x7E0,8,06 36 CD 00 22 8D F8 00
TransferData[206],CAN,0x7E0,8,06 36 CE 06 20 01 22 00
TransferData[207],CAN,0x7E0,8,06 36 CF 8D F8 05 20 00
TransferData[208],CAN,0x7E0,8,06 36 D0 24 A8 00 F8 00
TransferData[209],CAN,0x7E0,8,06 36 D1 8C 3D FF F7 00
TransferData[210],CAN,0x7E0,8,06 36 D2 6F FC 05 46 00
TransferData[211],CAN,0x7E0,8,06 36 D3 00 28 40 F0 00
TransferData[212],CAN,0x7E0,8,06 36 D4 A7 80 31 46 00
TransferData[213],CAN,0x7E0,8,06 36 D5 E0 78 FF F7 00
TransferData[214],CAN,0x7E0,8,06 36 D6 E1 F9 05 46 00
TransferData[215],CAN,0x7E0,8,06 36 D7 68 B9 04 F1 00
TransferData[216],CAN,0x7E0,8,06 36 D8 10 01 60 7F 00
TransferData[217],CAN,0x7E0,8,06 36 D9 FF F7 2E F9 00
TransferData[218],CAN,0x7E0,8,06 36 DA 05 46 30 B9 00
TransferData[219],CAN,0x7E0,8,06 36 DB 04 F1 20 01 00
TransferData[220],CAN,0x7E0,8,06 36 DC 94 F8 28 00 00
TransferData[221],CAN,0x7E0,8,06 36 DD FF F7 C0 FA 00
TransferData[222],CAN,0x7E0,8,06 36 DE 05 46 FF F7 00
TransferData[223],CAN,0x7E0,8,06 36 DF 03 F9 02 28 00
TransferData[224],CAN,0x7E0,8,06 36 E0 00 F0 99 80 00
TransferData[225],CAN,0x7E0,8,06 36 E1 03 28 00 F0 00
TransferData[226],CAN,0x7E0,8,06 36 E2 99 80 01 28 00
TransferData[227],CAN,0x7E0,8,06 36 E3 40 F0 99 80 00
TransferData[228],CAN,0x7E0,8,06 36 E4 04 F1 36 06 00
TransferData[229],CAN,0x7E0,8,06 36 E5 00 2D 53 D1 00
TransferData[230],CAN,0x7E0,8,06 36 E6 F3 78 03 2B 00
TransferData[231],CAN,0x7E0,8,06 36 E7 40 F0 93 80 00
TransferData[232],CAN,0x7E0,8,06 36 E8 94 F8 28 30 00
TransferData[233],CAN,0x7E0,8,06 36 E9 00 2B 00 F0 00
TransferData[234],CAN,0x7E0,8,06 36 EA F2 81 06 23 00
TransferData[235],CAN,0x7E0,8,06 36 EB 8D F8 07 30 00
TransferData[236],CAN,0x7E0,8,06 36 EC 02 23 8D F8 00
TransferData[237],CAN,0x7E0,8,06 36 ED 06 30 01 23 00
TransferData[238],CAN,0x7E0,8,06 36 EE 8D F8 05 30 00
TransferData[239],CAN,0x7E0,8,06 36 EF 24 A8 00 F8 00
TransferData[240],CAN,0x7E0,8,06 36 F0 8C 3D FF F7 00
TransferData[241],CAN,0x7E0,8,06 36 F1 31 FC 05 46 00
TransferData[242],CAN,0x7E0,8,06 36 F2 63 7F 7B B1 00
TransferData[243],CAN,0x7E0,8,06 36 F3 01 28 20 D1 00
TransferData[244],CAN,0x7E0,8,06 36 F4 01 23 8D F8 00
TransferData[245],CAN,0x7E0,8,06 36 F5 07 30 00 22 00
TransferData[246],CAN,0x7E0,8,06 36 F6 8D F8 06 20 00
TransferData[247],CAN,0x7E0,8,06 36 F7 8D F8 05 30 00
TransferData[248],CAN,0x7E0,8,06 36 F8 24 A8 00 F8 00
TransferData[249],CAN,0x7E0,8,06 36 F9 8C 3D FF F7 00
TransferData[250],CAN,0x7E0,8,06 36 FA 1F FC 05 46 00
TransferData[251],CAN,0x7E0,8,06 36 FB E3 78 83 B1 00
TransferData[252],CAN,0x7E0,8,06 36 FC 01 2D 0E D1 00
TransferData[253],CAN,0x7E0,8,06 36 FD 02 23 8D F8 00
TransferData[254],CAN,0x7E0,8,06 36 FE 07 30 00 23 00
TransferData[255],CAN,0x7E0,8,06 36 FF 8D F8 06 30 00
TransferData[0],CAN,0x7E0,8,06 36 00 8D F8 05 30 00
TransferData[1],CAN,0x7E0,8,06 36 01 24 A8 01 23 00
TransferData[2],CAN,0x7E0,8,06 36 02 00 F8 8C 3D 00
TransferData[3],CAN,0x7E0,8,06 36 03 FF F7 0C FC 00
TransferData[4],CAN,0x7E0,8,06 36 04 05 46 AD B9 00
TransferData[5],CAN,0x7E0,8,06 36 05 E1 1D A0 7B 00
TransferData[6],CAN,0x7E0,8,06 36 06 FF F7 F2 F9 00
TransferData[7],CAN,0x7E0,8,06 36 07 05 46 78 B9 00
TransferData[8],CAN,0x7E0,8,06 36 08 F3 78 8D F8 00
TransferData[9],CAN,0x7E0,8,06 36 09 07 30 B3 78 00
TransferData[10],CAN,0x7E0,8,06 36 0A 8D F8 06 30 00
TransferData[11],CAN,0x7E0,8,06 36 0B 73 78 8D F8 00
TransferData[12],CAN,0x7E0,8,06 36 0C 05 30 33 78 00
TransferData[13],CAN,0x7E0,8,06 36 0D 24 A8 00 F8 00
TransferData[14],CAN,0x7E0,8,06 36 0E 8C 3D FF F7 00
TransferData[15],CAN,0x7E0,8,06 36 0F F5 FB 05 46 00
TransferData[16],CAN,0x7E0,8,06 36 10 75 BB 00 22 00
TransferData[17],CAN,0x7E0,8,06 36 11 2E 4B 1A 60 00
TransferData[18],CAN,0x7E0,8,06 36 12 94 F8 30 30 00
TransferData[19],CAN,0x7E0,8,06 36 13 13 B1 E2 6A 00
TransferData[20],CAN,0x7E0,8,06 36 14 2B 4B 1A 60 00
TransferData[21],CAN,0x7E0,8,06 36 15 94 F8 35 30 00
TransferData[22],CAN,0x7E0,8,06 36 16 53 B1 28 49 00
TransferData[23],CAN,0x7E0,8,06 36 17 0A 6A 22 F0 00
TransferData[24],CAN,0x7E0,8,06 36 18 70 62 94 F8 00
TransferData[25],CAN,0x7E0,8,06 36 19 34 30 1B 06 00
TransferData[26],CAN,0x7E0,8,06 36 1A 03 F0 70 63 00
TransferData[27],CAN,0x7E0,8,06 36 1B 13 43 0B 62 00
TransferData[28],CAN,0x7E0,8,06 36 1C 94 F8 43 30 00
TransferData[29],CAN,0x7E0,8,06 36 1D D3 B1 04 F1 00
TransferData[30],CAN,0x7E0,8,06 36 1E 36 01 01 20 00
TransferData[31],CAN,0x7E0,8,06 36 1F FF F7 D2 FA 00
TransferData[32],CAN,0x7E0,8,06 36 20 05 46 68 B9 00
TransferData[33],CAN,0x7E0,8,06 36 21 04 F1 3A 01 00
TransferData[34],CAN,0x7E0,8,06 36 22 02 20 FF F7 00
TransferData[35],CAN,0x7E0,8,06 36 23 CB FA 05 46 00
TransferData[36],CAN,0x7E0,8,06 36 24 30 B9 04 F1 00
TransferData[37],CAN,0x7E0,8,06 36 25 3E 01 03 20 00
TransferData[38],CAN,0x7E0,8,06 36 26 FF F7 C4 FA 00
TransferData[39],CAN,0x7E0,8,06 36 27 05 46 28 B1 00
TransferData[40],CAN,0x7E0,8,06 36 28 28 46 25 B0 00
TransferData[41],CAN,0x7E0,8,06 36 29 F0 BD 00 2C 00
TransferData[42],CAN,0x7E0,8,06 36 2A 7F F4 30 AF 00
TransferData[43],CAN,0x7E0,8,06 36 2B 14 F1 44 0F 00
TransferData[44],CAN,0x7E0,8,06 36 2C 28 D1 00 BE 00
TransferData[45],CAN,0x7E0,8,06 36 2D FE E7 04 F1 00
TransferData[46],CAN,0x7E0,8,06 36 2E 3A 06 6B E7 00
TransferData[47],CAN,0x7E0,8,06 36 2F 04 F1 3E 06 00
TransferData[48],CAN,0x7E0,8,06 36 30 68 E7 00 BE 00
TransferData[49],CAN,0x7E0,8,06 36 31 FE E7 8D F8 00
TransferData[50],CAN,0x7E0,8,06 36 32 07 30 B3 78 00
TransferData[51],CAN,0x7E0,8,06 36 33 8D F8 06 30 00
TransferData[52],CAN,0x7E0,8,06 36 34 73 78 8D F8 00
TransferData[53],CAN,0x7E0,8,06 36 35 05 30 33 78 00
TransferData[54],CAN,0x7E0,8,06 36 36 24 A8 00 F8 00
TransferData[55],CAN,0x7E0,8,06 36 37 8C 3D FF F7 00
TransferData[56],CAN,0x7E0,8,06 36 38 A3 FB 05 46 00
TransferData[57],CAN,0x7E0,8,06 36 39 00 28 AB D1 00
TransferData[58],CAN,0x7E0,8,06 36 3A E1 1D A0 7B 00
TransferData[59],CAN,0x7E0,8,06 36 3B FF F7 88 F9 00
TransferData[60],CAN,0x7E0,8,06 36 3C 05 46 A5 E7 00
TransferData[61],CAN,0x7E0,8,06 36 3D 00 12 7A 00 00
TransferData[62],CAN,0x7E0,8,06 36 3E 00 84 FF 1F 00
TransferData[63],CAN,0x7E0,8,06 36 3F 00 40 06 40 00
TransferData[64],CAN,0x7E0,8,06 36 40 28 00 00 20 00
TransferData[65],CAN,0x7E0,8,06 36 41 94 F8 44 30 00
TransferData[66],CAN,0x7E0,8,06 36 42 E3 B1 94 F8 00
TransferData[67],CAN,0x7E0,8,06 36 43 45 50 94 F8 00
TransferData[68],CAN,0x7E0,8,06 36 44 46 30 94 F8 00
TransferData[69],CAN,0x7E0,8,06 36 45 47 20 A3 49 00
TransferData[70],CAN,0x7E0,8,06 36 46 48 68 20 F4 00
TransferData[71],CAN,0x7E0,8,06 36 47 00 60 48 60 00
TransferData[72],CAN,0x7E0,8,06 36 48 49 68 21 F4 00
TransferData[73],CAN,0x7E0,8,06 36 49 7F 61 00 2D 00
TransferData[74],CAN,0x7E0,8,06 36 4A 14 BF 4F F4 00
TransferData[75],CAN,0x7E0,8,06 36 4B 00 60 00 20 00
TransferData[76],CAN,0x7E0,8,06 36 4C 1B 01 DB B2 00
TransferData[77],CAN,0x7E0,8,06 36 4D 12 02 02 F4 00
TransferData[78],CAN,0x7E0,8,06 36 4E E0 62 13 43 00
TransferData[79],CAN,0x7E0,8,06 36 4F 0B 43 03 43 00
TransferData[80],CAN,0x7E0,8,06 36 50 98 4A 53 60 00
TransferData[81],CAN,0x7E0,8,06 36 51 94 F8 48 30 00
TransferData[82],CAN,0x7E0,8,06 36 52 DB B1 94 F8 00
TransferData[83],CAN,0x7E0,8,06 36 53 4A 30 94 F8 00
TransferData[84],CAN,0x7E0,8,06 36 54 49 20 94 49 00
TransferData[85],CAN,0x7E0,8,06 36 55 09 69 21 F0 00
TransferData[86],CAN,0x7E0,8,06 36 56 3F 01 94 F8 00
TransferData[87],CAN,0x7E0,8,06 36 57 4C 00 01 43 00
TransferData[88],CAN,0x7E0,8,06 36 58 94 F8 4B 00 00
TransferData[89],CAN,0x7E0,8,06 36 59 00 28 14 BF 00
TransferData[90],CAN,0x7E0,8,06 36 5A 02 20 00 20 00
TransferData[91],CAN,0x7E0,8,06 36 5B 9B 00 03 F0 00
TransferData[92],CAN,0x7E0,8,06 36 5C 0C 03 0B 43 00
TransferData[93],CAN,0x7E0,8,06 36 5D 12 01 02 F0 00
TransferData[94],CAN,0x7E0,8,06 36 5E 30 02 13 43 00
TransferData[95],CAN,0x7E0,8,06 36 5F 03 43 89 4A 00
TransferData[96],CAN,0x7E0,8,06 36 60 13 61 94 F8 00
TransferData[97],CAN,0x7E0,8,06 36 61 70 30 00 2B 00
TransferData[98],CAN,0x7E0,8,06 36 62 37 D0 86 4B 00
TransferData[99],CAN,0x7E0,8,06 36 63 19 6C 21 F0 00
TransferData[100],CAN,0x7E0,8,06 36 64 01 01 94 F8 00
TransferData[101],CAN,0x7E0,8,06 36 65 71 20 0A 43 00
TransferData[102],CAN,0x7E0,8,06 36 66 1A 64 1B 6C 00
TransferData[103],CAN,0x7E0,8,06 36 67 23 F0 02 03 00
TransferData[104],CAN,0x7E0,8,06 36 68 94 F8 72 20 00
TransferData[105],CAN,0x7E0,8,06 36 69 00 2A 14 BF 00
TransferData[106],CAN,0x7E0,8,06 36 6A 02 22 00 22 00
TransferData[107],CAN,0x7E0,8,06 36 6B 13 43 7D 4A 00
TransferData[108],CAN,0x7E0,8,06 36 6C 13 64 13 6C 00
TransferData[109],CAN,0x7E0,8,06 36 6D 23 F0 04 03 00
TransferData[110],CAN,0x7E0,8,06 36 6E 94 F8 73 20 00
TransferData[111],CAN,0x7E0,8,06 36 6F 00 2A 14 BF 00
TransferData[112],CAN,0x7E0,8,06 36 70 04 22 00 22 00
TransferData[113],CAN,0x7E0,8,06 36 71 13 43 77 4A 00
TransferData[114],CAN,0x7E0,8,06 36 72 13 64 13 6C 00
TransferData[115],CAN,0x7E0,8,06 36 73 23 F0 08 03 00
TransferData[116],CAN,0x7E0,8,06 36 74 94 F8 74 20 00
TransferData[117],CAN,0x7E0,8,06 36 75 00 2A 14 BF 00
TransferData[118],CAN,0x7E0,8,06 36 76 08 22 00 22 00
TransferData[119],CAN,0x7E0,8,06 36 77 13 43 71 4A 00
TransferData[120],CAN,0x7E0,8,06 36 78 13 64 13 6C 00
TransferData[121],CAN,0x7E0,8,06 36 79 23 F0 10 03 00
TransferData[122],CAN,0x7E0,8,06 36 7A 94 F8 75 20 00
TransferData[123],CAN,0x7E0,8,06 36 7B 00 2A 14 BF 00
TransferData[124],CAN,0x7E0,8,06 36 7C 10 22 00 22 00
TransferData[125],CAN,0x7E0,8,06 36 7D 13 43 6B 4A 00
TransferData[126],CAN,0x7E0,8,06 36 7E 13 64 94 F8 00
TransferData[127],CAN,0x7E0,8,06 36 7F 50 30 00 2B 00
TransferData[128],CAN,0x7E0,8,06 36 80 31 D0 69 4B 00
TransferData[129],CAN,0x7E0,8,06 36 81 62 6D 1A 60 00
TransferData[130],CAN,0x7E0,8,06 36 82 A2 6D 5A 60 00
TransferData[131],CAN,0x7E0,8,06 36 83 E2 6D 9A 60 00
TransferData[132],CAN,0x7E0,8,06 36 84 04 F1 60 05 00
TransferData[133],CAN,0x7E0,8,06 36 85 01 21 63 48 00
TransferData[134],CAN,0x7E0,8,06 36 86 55 F8 04 3B 00
TransferData[135],CAN,0x7E0,8,06 36 87 C2 68 4E 1E 00
TransferData[136],CAN,0x7E0,8,06 36 88 F6 B2 03 2E 00
TransferData[137],CAN,0x7E0,8,06 36 89 47 D8 DF E8 00
TransferData[138],CAN,0x7E0,8,06 36 8A 06 F0 02 0A 00
TransferData[139],CAN,0x7E0,8,06 36 8B 11 18 22 F0 00
TransferData[140],CAN,0x7E0,8,06 36 8C 40 72 1B 06 00
TransferData[141],CAN,0x7E0,8,06 36 8D 03 F0 40 73 00
TransferData[142],CAN,0x7E0,8,06 36 8E 13 43 C3 60 00
TransferData[143],CAN,0x7E0,8,06 36 8F 3E E0 22 F0 00
TransferData[144],CAN,0x7E0,8,06 36 90 40 62 9B 06 00
TransferData[145],CAN,0x7E0,8,06 36 91 03 F0 40 63 00
TransferData[146],CAN,0x7E0,8,06 36 92 13 43 F6 E7 00
TransferData[147],CAN,0x7E0,8,06 36 93 22 F0 40 52 00
TransferData[148],CAN,0x7E0,8,06 36 94 1B 07 03 F0 00
TransferData[149],CAN,0x7E0,8,06 36 95 40 53 13 43 00
TransferData[150],CAN,0x7E0,8,06 36 96 EF E7 22 F0 00
TransferData[151],CAN,0x7E0,8,06 36 97 40 42 42 EA 00
TransferData[152],CAN,0x7E0,8,06 36 98 83 73 50 4A 00
TransferData[153],CAN,0x7E0,8,06 36 99 D3 60 94 F8 00
TransferData[154],CAN,0x7E0,8,06 36 9A 76 30 EB B1 00
TransferData[155],CAN,0x7E0,8,06 36 9B 4D 4A 93 6E 00
TransferData[156],CAN,0x7E0,8,06 36 9C 00 20 90 66 00
TransferData[157],CAN,0x7E0,8,06 36 9D 51 68 21 F4 00
TransferData[158],CAN,0x7E0,8,06 36 9E 80 51 94 F8 00
TransferData[159],CAN,0x7E0,8,06 36 9F 78 30 1B 03 00
TransferData[160],CAN,0x7E0,8,06 36 A0 03 F4 80 53 00
TransferData[161],CAN,0x7E0,8,06 36 A1 0B 43 53 60 00
TransferData[162],CAN,0x7E0,8,06 36 A2 90 66 94 F8 00
TransferData[163],CAN,0x7E0,8,06 36 A3 77 30 5B B1 00
TransferData[164],CAN,0x7E0,8,06 36 A4 94 F8 79 30 00
TransferData[165],CAN,0x7E0,8,06 36 A5 5B 00 03 F0 00
TransferData[166],CAN,0x7E0,8,06 36 A6 0E 03 94 F8 00
TransferData[167],CAN,0x7E0,8,06 36 A7 7A 20 42 F0 00
TransferData[168],CAN,0x7E0,8,06 36 A8 80 52 13 43 00
TransferData[169],CAN,0x7E0,8,06 36 A9 3F 4A 93 66 00
TransferData[170],CAN,0x7E0,8,06 36 AA 04 F1 7C 03 00
TransferData[171],CAN,0x7E0,8,06 36 AB 14 F1 7C 0F 00
TransferData[172],CAN,0x7E0,8,06 36 AC 07 D1 00 BE 00
TransferData[173],CAN,0x7E0,8,06 36 AD FE E7 C2 60 00
TransferData[174],CAN,0x7E0,8,06 36 AE 03 29 D4 D8 00
TransferData[175],CAN,0x7E0,8,06 36 AF 01 31 C9 B2 00
TransferData[176],CAN,0x7E0,8,06 36 B0 AA E7 00 2B 00
TransferData[177],CAN,0x7E0,8,06 36 B1 38 D0 D4 F8 00
TransferData[178],CAN,0x7E0,8,06 36 B2 80 30 00 2B 00
TransferData[179],CAN,0x7E0,8,06 36 B3 34 D0 E3 6F 00
TransferData[180],CAN,0x7E0,8,06 36 B4 93 B3 00 22 00
TransferData[181],CAN,0x7E0,8,06 36 B5 35 48 36 4D 00
TransferData[182],CAN,0x7E0,8,06 36 B6 02 EB 82 01 00
TransferData[183],CAN,0x7E0,8,06 36 B7 D4 F8 80 30 00
TransferData[184],CAN,0x7E0,8,06 36 B8 5B 5C 30 F8 00
TransferData[185],CAN,0x7E0,8,06 36 B9 13 30 9B 00 00
TransferData[186],CAN,0x7E0,8,06 36 BA 03 F1 80 43 00
TransferData[187],CAN,0x7E0,8,06 36 BB 03 F5 CA 23 00
TransferData[188],CAN,0x7E0,8,06 36 BC 1E 68 26 F0 00
TransferData[189],CAN,0x7E0,8,06 36 BD 80 46 1E 60 00
TransferData[190],CAN,0x7E0,8,06 36 BE D4 F8 80 30 00
TransferData[191],CAN,0x7E0,8,06 36 BF 5F 18 5E 5C 00
TransferData[192],CAN,0x7E0,8,06 36 C0 BB 78 1B 06 00
TransferData[193],CAN,0x7E0,8,06 36 C1 03 F0 E0 63 00
TransferData[194],CAN,0x7E0,8,06 36 C2 F9 78 C9 00 00
TransferData[195],CAN,0x7E0,8,06 36 C3 01 F0 08 01 00
TransferData[196],CAN,0x7E0,8,06 36 C4 0B 43 39 79 00
TransferData[197],CAN,0x7E0,8,06 36 C5 01 F0 07 01 00
TransferData[198],CAN,0x7E0,8,06 36 C6 0B 43 79 78 00
TransferData[199],CAN,0x7E0,8,06 36 C7 00 29 14 BF 00
TransferData[200],CAN,0x7E0,8,06 36 C8 4F F0 80 41 00
TransferData[201],CAN,0x7E0,8,06 36 C9 00 21 0B 43 00
TransferData[202],CAN,0x7E0,8,06 36 CA 30 F8 16 10 00
TransferData[203],CAN,0x7E0,8,06 36 CB 45 F8 21 30 00
TransferData[204],CAN,0x7E0,8,06 36 CC 01 32 E3 6F 00
TransferData[205],CAN,0x7E0,8,06 36 CD 9A 42 CF D3 00
TransferData[206],CAN,0x7E0,8,06 36 CE 14 F1 84 0F 00
TransferData[207],CAN,0x7E0,8,06 36 CF 01 D1 00 BE 00
TransferData[208],CAN,0x7E0,8,06 36 D0 FE E7 94 F8 00
TransferData[209],CAN,0x7E0,8,06 36 D1 84 30 03 B3 00
TransferData[210],CAN,0x7E0,8,06 36 D2 1A 49 8B 78 00
TransferData[211],CAN,0x7E0,8,06 36 D3 03 F0 7F 03 00
TransferData[212],CAN,0x7E0,8,06 36 D4 94 F8 85 20 00
TransferData[213],CAN,0x7E0,8,06 36 D5 82 F0 01 02 00
TransferData[214],CAN,0x7E0,8,06 36 D6 43 EA C2 13 00
TransferData[215],CAN,0x7E0,8,06 36 D7 DB B2 8B 70 00
TransferData[216],CAN,0x7E0,8,06 36 D8 94 F9 86 30 00
TransferData[217],CAN,0x7E0,8,06 36 D9 00 2B BC BF 00
TransferData[218],CAN,0x7E0,8,06 36 DA 20 33 5B B2 00
TransferData[219],CAN,0x7E0,8,06 36 DB DA B2 20 2A 00
TransferData[220],CAN,0x7E0,8,06 36 DC 01 D9 00 BE 00
TransferData[221],CAN,0x7E0,8,06 36 DD FE E7 0F 49 00
TransferData[222],CAN,0x7E0,8,06 36 DE 0A 79 03 F0 00
TransferData[223],CAN,0x7E0,8,06 36 DF 1F 03 02 F0 00
TransferData[224],CAN,0x7E0,8,06 36 E0 E0 02 13 43 00
TransferData[225],CAN,0x7E0,8,06 36 E1 0B 71 00 25 00
TransferData[226],CAN,0x7E0,8,06 36 E2 8A E6 00 25 00
TransferData[227],CAN,0x7E0,8,06 36 E3 88 E6 63 7F 00
TransferData[228],CAN,0x7E0,8,06 36 E4 00 2B 7F F4 00
TransferData[229],CAN,0x7E0,8,06 36 E5 1D AE E3 78 00
TransferData[230],CAN,0x7E0,8,06 36 E6 00 2B 7F F4 00
TransferData[231],CAN,0x7E0,8,06 36 E7 2B AE 01 25 00
TransferData[232],CAN,0x7E0,8,06 36 E8 37 E6 00 BF 00
TransferData[233],CAN,0x7E0,8,06 36 E9 00 80 04 40 00
TransferData[234],CAN,0x7E0,8,06 36 EA 2C 00 00 20 00
TransferData[235],CAN,0x7E0,8,06 36 EB 34 30 01 00 00
TransferData[236],CAN,0x7E0,8,06 36 EC 00 50 06 40 00
TransferData[237],CAN,0x7E0,8,06 36 ED 00 D0 07 40 00
TransferData[238],CAN,0x7E0,8,06 36 EE 70 B5 04 46 00
TransferData[239],CAN,0x7E0,8,06 36 EF 0D 46 11 28 00
TransferData[240],CAN,0x7E0,8,06 36 F0 06 D9 23 28 00
TransferData[241],CAN,0x7E0,8,06 36 F1 72 D9 4D 28 00
TransferData[242],CAN,0x7E0,8,06 36 F2 74 D9 04 23 00
TransferData[243],CAN,0x7E0,8,06 36 F3 18 46 70 BD 00
TransferData[244],CAN,0x7E0,8,06 36 F4 11 28 68 D8 00
TransferData[245],CAN,0x7E0,8,06 36 F5 DF E8 00 F0 00
TransferData[246],CAN,0x7E0,8,06 36 F6 09 11 16 1B 00
TransferData[247],CAN,0x7E0,8,06 36 F7 1F 23 27 2B 00
TransferData[248],CAN,0x7E0,8,06 36 F8 2F 33 37 3D 00
TransferData[249],CAN,0x7E0,8,06 36 F9 43 49 4F 55 00
TransferData[250],CAN,0x7E0,8,06 36 FA 5B 61 00 20 00
TransferData[251],CAN,0x7E0,8,06 36 FB FF F7 46 FA 00
TransferData[252],CAN,0x7E0,8,06 36 FC 00 23 00 2D 00
TransferData[253],CAN,0x7E0,8,06 36 FD EA D0 28 60 00
TransferData[254],CAN,0x7E0,8,06 36 FE E8 E7 01 20 00
TransferData[255],CAN,0x7E0,8,06 36 FF FF F7 3E FA 00
TransferData[0],CAN,0x7E0,8,06 36 00 00 23 F6 E7 00
TransferData[1],CAN,0x7E0,8,06 36 01 02 20 FF F7 00
TransferData[2],CAN,0x7E0,8,06 36 02 39 FA 00 23 00
TransferData[3],CAN,0x7E0,8,06 36 03 F1 E7 FF F7 00
TransferData[4],CAN,0x7E0,8,06 36 04 49 FB 00 23 00
TransferData[5],CAN,0x7E0,8,06 36 05 ED E7 FE F7 00
TransferData[6],CAN,0x7E0,8,06 36 06 6B FF 00 23 00
TransferData[7],CAN,0x7E0,8,06 36 07 E9 E7 FE F7 00
TransferData[8],CAN,0x7E0,8,06 36 08 DF FF 00 23 00
TransferData[9],CAN,0x7E0,8,06 36 09 E5 E7 FE F7 00
TransferData[10],CAN,0x7E0,8,06 36 0A BF FE 00 23 00
TransferData[11],CAN,0x7E0,8,06 36 0B E1 E7 FF F7 00
TransferData[12],CAN,0x7E0,8,06 36 0C 41 F8 00 23 00
TransferData[13],CAN,0x7E0,8,06 36 0D DD E7 52 4B 00
TransferData[14],CAN,0x7E0,8,06 36 0E 18 68 00 23 00
TransferData[15],CAN,0x7E0,8,06 36 0F D9 E7 FF F7 00
TransferData[16],CAN,0x7E0,8,06 36 10 5D FA 00 23 00
TransferData[17],CAN,0x7E0,8,06 36 11 D5 E7 00 21 00
TransferData[18],CAN,0x7E0,8,06 36 12 04 20 FF F7 00
TransferData[19],CAN,0x7E0,8,06 36 13 79 FA 00 23 00
TransferData[20],CAN,0x7E0,8,06 36 14 CF E7 01 21 00
TransferData[21],CAN,0x7E0,8,06 36 15 04 20 FF F7 00
TransferData[22],CAN,0x7E0,8,06 36 16 73 FA 00 23 00
TransferData[23],CAN,0x7E0,8,06 36 17 C9 E7 00 21 00
TransferData[24],CAN,0x7E0,8,06 36 18 05 20 FF F7 00
TransferData[25],CAN,0x7E0,8,06 36 19 6D FA 00 23 00
TransferData[26],CAN,0x7E0,8,06 36 1A C3 E7 01 21 00
TransferData[27],CAN,0x7E0,8,06 36 1B 05 20 FF F7 00
TransferData[28],CAN,0x7E0,8,06 36 1C 67 FA 00 23 00
TransferData[29],CAN,0x7E0,8,06 36 1D BD E7 00 21 00
TransferData[30],CAN,0x7E0,8,06 36 1E 06 20 FF F7 00
TransferData[31],CAN,0x7E0,8,06 36 1F 61 FA 00 23 00
TransferData[32],CAN,0x7E0,8,06 36 20 B7 E7 01 21 00
TransferData[33],CAN,0x7E0,8,06 36 21 06 20 FF F7 00
TransferData[34],CAN,0x7E0,8,06 36 22 5B FA 00 23 00
TransferData[35],CAN,0x7E0,8,06 36 23 B1 E7 00 21 00
TransferData[36],CAN,0x7E0,8,06 36 24 07 20 FF F7 00
TransferData[37],CAN,0x7E0,8,06 36 25 55 FA 00 23 00
TransferData[38],CAN,0x7E0,8,06 36 26 AB E7 01 21 00
TransferData[39],CAN,0x7E0,8,06 36 27 07 20 FF F7 00
TransferData[40],CAN,0x7E0,8,06 36 28 4F FA 00 23 00
TransferData[41],CAN,0x7E0,8,06 36 29 A5 E7 00 20 00
TransferData[42],CAN,0x7E0,8,06 36 2A 04 23 A2 E7 00
TransferData[43],CAN,0x7E0,8,06 36 2B FF F7 46 FB 00
TransferData[44],CAN,0x7E0,8,06 36 2C 03 46 8B E7 00
TransferData[45],CAN,0x7E0,8,06 36 2D 24 28 05 D8 00
TransferData[46],CAN,0x7E0,8,06 36 2E 04 23 00 22 00
TransferData[47],CAN,0x7E0,8,06 36 2F 00 2D 85 D0 00
TransferData[48],CAN,0x7E0,8,06 36 30 2A 60 83 E7 00
TransferData[49],CAN,0x7E0,8,06 36 31 A0 F1 33 03 00
TransferData[50],CAN,0x7E0,8,06 36 32 DB B2 1A 2B 00
TransferData[51],CAN,0x7E0,8,06 36 33 07 D8 2D 4A 00
TransferData[52],CAN,0x7E0,8,06 36 34 22 FA 03 F3 00
TransferData[53],CAN,0x7E0,8,06 36 35 13 F0 01 0F 00
TransferData[54],CAN,0x7E0,8,06 36 36 18 BF 04 23 00
TransferData[55],CAN,0x7E0,8,06 36 37 ED D1 2A 4B 00
TransferData[56],CAN,0x7E0,8,06 36 38 33 F8 14 20 00
TransferData[57],CAN,0x7E0,8,06 36 39 29 4B 53 F8 00
TransferData[58],CAN,0x7E0,8,06 36 3A 22 30 13 F0 00
TransferData[59],CAN,0x7E0,8,06 36 3B 80 4F 44 D0 00
TransferData[60],CAN,0x7E0,8,06 36 3C 27 4B 1E 5D 00
TransferData[61],CAN,0x7E0,8,06 36 3D 16 F0 20 0F 00
TransferData[62],CAN,0x7E0,8,06 36 3E 07 D1 16 F0 00
TransferData[63],CAN,0x7E0,8,06 36 3F 40 0F 0E D1 00
TransferData[64],CAN,0x7E0,8,06 36 40 16 F0 80 0F 00
TransferData[65],CAN,0x7E0,8,06 36 41 15 D1 00 BE 00
TransferData[66],CAN,0x7E0,8,06 36 42 FE E7 01 20 00
TransferData[67],CAN,0x7E0,8,06 36 43 FF F7 B6 F9 00
TransferData[68],CAN,0x7E0,8,06 36 44 02 46 50 B1 00
TransferData[69],CAN,0x7E0,8,06 36 45 16 F0 18 0F 00
TransferData[70],CAN,0x7E0,8,06 36 46 12 D1 00 23 00
TransferData[71],CAN,0x7E0,8,06 36 47 CE E7 00 20 00
TransferData[72],CAN,0x7E0,8,06 36 48 FF F7 AC F9 00
TransferData[73],CAN,0x7E0,8,06 36 49 02 46 00 28 00
TransferData[74],CAN,0x7E0,8,06 36 4A F4 D1 00 22 00
TransferData[75],CAN,0x7E0,8,06 36 4B 4F F4 80 73 00
TransferData[76],CAN,0x7E0,8,06 36 4C C4 E7 02 20 00
TransferData[77],CAN,0x7E0,8,06 36 4D FF F7 A2 F9 00
TransferData[78],CAN,0x7E0,8,06 36 4E 02 46 00 28 00
TransferData[79],CAN,0x7E0,8,06 36 4F F5 D0 E9 E7 00
TransferData[80],CAN,0x7E0,8,06 36 50 16 F0 08 0F 00
TransferData[81],CAN,0x7E0,8,06 36 51 06 D1 16 F0 00
TransferData[82],CAN,0x7E0,8,06 36 52 10 0F 0B D1 00
TransferData[83],CAN,0x7E0,8,06 36 53 00 22 4F F4 00
TransferData[84],CAN,0x7E0,8,06 36 54 80 73 B3 E7 00
TransferData[85],CAN,0x7E0,8,06 36 55 00 21 20 46 00
TransferData[86],CAN,0x7E0,8,06 36 56 FF F7 C2 FB 00
TransferData[87],CAN,0x7E0,8,06 36 57 02 46 16 F0 00
TransferData[88],CAN,0x7E0,8,06 36 58 10 0F 04 D0 00
TransferData[89],CAN,0x7E0,8,06 36 59 01 21 20 46 00
TransferData[90],CAN,0x7E0,8,06 36 5A FF F7 BA FB 00
TransferData[91],CAN,0x7E0,8,06 36 5B 02 46 00 2A 00
TransferData[92],CAN,0x7E0,8,06 36 5C 14 BF 00 23 00
TransferData[93],CAN,0x7E0,8,06 36 5D 4F F4 80 73 00
TransferData[94],CAN,0x7E0,8,06 36 5E A0 E7 4F F4 00
TransferData[95],CAN,0x7E0,8,06 36 5F 80 73 9C E7 00
TransferData[96],CAN,0x7E0,8,06 36 60 28 00 00 20 00
TransferData[97],CAN,0x7E0,8,06 36 61 41 21 00 04 00
TransferData[98],CAN,0x7E0,8,06 36 62 34 30 01 00 00
TransferData[99],CAN,0x7E0,8,06 36 63 00 50 06 40 00
TransferData[100],CAN,0x7E0,8,06 36 64 D0 31 01 00 00
TransferData[101],CAN,0x7E0,8,06 36 65 08 B5 FF F7 00
TransferData[102],CAN,0x7E0,8,06 36 66 0F FF 08 BD 00
TransferData[103],CAN,0x7E0,8,06 36 67 00 F0 0F 00 00
TransferData[104],CAN,0x7E0,8,06 36 68 01 23 0B B9 00
TransferData[105],CAN,0x7E0,8,06 36 69 00 BE FE E7 00
TransferData[106],CAN,0x7E0,8,06 36 6A 03 4A 10 77 00
TransferData[107],CAN,0x7E0,8,06 36 6B 0B B9 00 BE 00
TransferData[108],CAN,0x7E0,8,06 36 6C FE E7 01 4B 00
TransferData[109],CAN,0x7E0,8,06 36 6D D8 77 70 47 00
TransferData[110],CAN,0x7E0,8,06 36 6E 00 80 00 40 00
TransferData[111],CAN,0x7E0,8,06 36 6F 10 B5 06 4B 00
TransferData[112],CAN,0x7E0,8,06 36 70 1B 68 53 F8 00
TransferData[113],CAN,0x7E0,8,06 36 71 20 40 FF F7 00
TransferData[114],CAN,0x7E0,8,06 36 72 E9 FF 24 B1 00
TransferData[115],CAN,0x7E0,8,06 36 73 63 68 13 B1 00
TransferData[116],CAN,0x7E0,8,06 36 74 21 7B A0 68 00
TransferData[117],CAN,0x7E0,8,06 36 75 98 47 10 BD 00
TransferData[118],CAN,0x7E0,8,06 36 76 00 00 00 20 00
TransferData[119],CAN,0x7E0,8,06 36 77 70 B5 05 46 00
TransferData[120],CAN,0x7E0,8,06 36 78 00 F0 0F 06 00
TransferData[121],CAN,0x7E0,8,06 36 79 00 22 31 46 00
TransferData[122],CAN,0x7E0,8,06 36 7A 0A 48 00 F0 00
TransferData[123],CAN,0x7E0,8,06 36 7B 3B F8 0A 4B 00
TransferData[124],CAN,0x7E0,8,06 36 7C 1B 68 53 F8 00
TransferData[125],CAN,0x7E0,8,06 36 7D 25 40 5C B1 00
TransferData[126],CAN,0x7E0,8,06 36 7E 28 46 FF F7 00
TransferData[127],CAN,0x7E0,8,06 36 7F CF FF 05 4B 00
TransferData[128],CAN,0x7E0,8,06 36 80 9E 77 01 23 00
TransferData[129],CAN,0x7E0,8,06 36 81 23 73 63 68 00
TransferData[130],CAN,0x7E0,8,06 36 82 13 B1 21 7B 00
TransferData[131],CAN,0x7E0,8,06 36 83 A0 68 98 47 00
TransferData[132],CAN,0x7E0,8,06 36 84 70 BD 00 BF 00
TransferData[133],CAN,0x7E0,8,06 36 85 00 80 00 40 00
TransferData[134],CAN,0x7E0,8,06 36 86 00 00 00 20 00
TransferData[135],CAN,0x7E0,8,06 36 87 0F 28 01 D9 00
TransferData[136],CAN,0x7E0,8,06 36 88 00 BE FE E7 00
TransferData[137],CAN,0x7E0,8,06 36 89 08 B5 09 4B 00
TransferData[138],CAN,0x7E0,8,06 36 8A 1B 68 0B B9 00
TransferData[139],CAN,0x7E0,8,06 36 8B 00 BE FE E7 00
TransferData[140],CAN,0x7E0,8,06 36 8C 53 F8 20 30 00
TransferData[141],CAN,0x7E0,8,06 36 8D 0B B9 00 BE 00
TransferData[142],CAN,0x7E0,8,06 36 8E FE E7 00 22 00
TransferData[143],CAN,0x7E0,8,06 36 8F 00 F0 0F 01 00
TransferData[144],CAN,0x7E0,8,06 36 90 03 48 00 F0 00
TransferData[145],CAN,0x7E0,8,06 36 91 0F F8 00 20 00
TransferData[146],CAN,0x7E0,8,06 36 92 08 BD 00 BF 00
TransferData[147],CAN,0x7E0,8,06 36 93 00 00 00 20 00
TransferData[148],CAN,0x7E0,8,06 36 94 00 80 00 40 00
TransferData[149],CAN,0x7E0,8,06 36 95 08 B1 00 BE 00
TransferData[150],CAN,0x7E0,8,06 36 96 FE E7 01 48 00
TransferData[151],CAN,0x7E0,8,06 36 97 70 47 00 BF 00
TransferData[152],CAN,0x7E0,8,06 36 98 00 80 00 40 00
TransferData[153],CAN,0x7E0,8,06 36 99 0A B9 81 76 00
TransferData[154],CAN,0x7E0,8,06 36 9A 70 47 C1 76 00
TransferData[155],CAN,0x7E0,8,06 36 9B 70 47 08 B5 00
TransferData[156],CAN,0x7E0,8,06 36 9C 00 20 FF F7 00
TransferData[157],CAN,0x7E0,8,06 36 9D A3 FF 08 BD 00
TransferData[158],CAN,0x7E0,8,06 36 9E 08 B5 01 20 00
TransferData[159],CAN,0x7E0,8,06 36 9F FF F7 9E FF 00
TransferData[160],CAN,0x7E0,8,06 36 A0 08 BD 08 B5 00
TransferData[161],CAN,0x7E0,8,06 36 A1 02 20 FF F7 00
TransferData[162],CAN,0x7E0,8,06 36 A2 99 FF 08 BD 00
TransferData[163],CAN,0x7E0,8,06 36 A3 08 B5 03 20 00
TransferData[164],CAN,0x7E0,8,06 36 A4 FF F7 94 FF 00
TransferData[165],CAN,0x7E0,8,06 36 A5 08 BD 08 B5 00
TransferData[166],CAN,0x7E0,8,06 36 A6 04 20 FF F7 00
TransferData[167],CAN,0x7E0,8,06 36 A7 8F FF 08 BD 00
TransferData[168],CAN,0x7E0,8,06 36 A8 08 B5 05 20 00
TransferData[169],CAN,0x7E0,8,06 36 A9 FF F7 8A FF 00
TransferData[170],CAN,0x7E0,8,06 36 AA 08 BD 08 B5 00
TransferData[171],CAN,0x7E0,8,06 36 AB 06 20 FF F7 00
TransferData[172],CAN,0x7E0,8,06 36 AC 85 FF 08 BD 00
TransferData[173],CAN,0x7E0,8,06 36 AD 08 B5 07 20 00
TransferData[174],CAN,0x7E0,8,06 36 AE FF F7 80 FF 00
TransferData[175],CAN,0x7E0,8,06 36 AF 08 BD 08 B5 00
TransferData[176],CAN,0x7E0,8,06 36 B0 08 20 FF F7 00
TransferData[177],CAN,0x7E0,8,06 36 B1 7B FF 08 BD 00
TransferData[178],CAN,0x7E0,8,06 36 B2 08 B5 09 20 00
TransferData[179],CAN,0x7E0,8,06 36 B3 FF F7 76 FF 00
TransferData[180],CAN,0x7E0,8,06 36 B4 08 BD 08 B5 00
TransferData[181],CAN,0x7E0,8,06 36 B5 0A 20 FF F7 00
TransferData[182],CAN,0x7E0,8,06 36 B6 71 FF 08 BD 00
TransferData[183],CAN,0x7E0,8,06 36 B7 08 B5 0B 20 00
TransferData[184],CAN,0x7E0,8,06 36 B8 FF F7 6C FF 00
TransferData[185],CAN,0x7E0,8,06 36 B9 08 BD 08 B5 00
TransferData[186],CAN,0x7E0,8,06 36 BA 0C 20 FF F7 00
TransferData[187],CAN,0x7E0,8,06 36 BB 67 FF 08 BD 00
TransferData[188],CAN,0x7E0,8,06 36 BC 08 B5 0D 20 00
TransferData[189],CAN,0x7E0,8,06 36 BD FF F7 62 FF 00
TransferData[190],CAN,0x7E0,8,06 36 BE 08 BD 08 B5 00
TransferData[191],CAN,0x7E0,8,06 36 BF 0E 20 FF F7 00
TransferData[192],CAN,0x7E0,8,06 36 C0 5D FF 08 BD 00
TransferData[193],CAN,0x7E0,8,06 36 C1 08 B5 0F 20 00
TransferData[194],CAN,0x7E0,8,06 36 C2 FF F7 58 FF 00
TransferData[195],CAN,0x7E0,8,06 36 C3 08 BD 38 B5 00
TransferData[196],CAN,0x7E0,8,06 36 C4 00 20 FF F7 00
TransferData[197],CAN,0x7E0,8,06 36 C5 9F FF C5 6A 00
TransferData[198],CAN,0x7E0,8,06 36 C6 00 24 04 E0 00
TransferData[199],CAN,0x7E0,8,06 36 C7 6D 08 01 34 00
TransferData[200],CAN,0x7E0,8,06 36 C8 E4 B2 10 2C 00
TransferData[201],CAN,0x7E0,8,06 36 C9 06 D0 15 F0 00
TransferData[202],CAN,0x7E0,8,06 36 CA 01 0F F7 D0 00
TransferData[203],CAN,0x7E0,8,06 36 CB 20 46 FF F7 00
TransferData[204],CAN,0x7E0,8,06 36 CC 55 FF F3 E7 00
TransferData[205],CAN,0x7E0,8,06 36 CD 38 BD 00 00 00
TransferData[206],CAN,0x7E0,8,06 36 CE 02 28 01 D9 00
TransferData[207],CAN,0x7E0,8,06 36 CF 00 BE FE E7 00
TransferData[208],CAN,0x7E0,8,06 36 D0 70 B5 06 46 00
TransferData[209],CAN,0x7E0,8,06 36 D1 29 4B 53 F8 00
TransferData[210],CAN,0x7E0,8,06 36 D2 20 40 94 F8 00
TransferData[211],CAN,0x7E0,8,06 36 D3 11 31 D3 B1 00
TransferData[212],CAN,0x7E0,8,06 36 D4 63 79 DB B2 00
TransferData[213],CAN,0x7E0,8,06 36 D5 03 2B 28 D0 00
TransferData[214],CAN,0x7E0,8,06 36 D6 25 68 94 F8 00
TransferData[215],CAN,0x7E0,8,06 36 D7 10 01 FF F7 00
TransferData[216],CAN,0x7E0,8,06 36 D8 5D FF 2B 68 00
TransferData[217],CAN,0x7E0,8,06 36 D9 13 F4 00 1F 00
TransferData[218],CAN,0x7E0,8,06 36 DA 02 D1 6A 68 00
TransferData[219],CAN,0x7E0,8,06 36 DB 92 0C 6A 60 00
TransferData[220],CAN,0x7E0,8,06 36 DC C3 F3 03 43 00
TransferData[221],CAN,0x7E0,8,06 36 DD 85 F8 48 30 00
TransferData[222],CAN,0x7E0,8,06 36 DE AB 68 1B BA 00
TransferData[223],CAN,0x7E0,8,06 36 DF AB 60 EB 68 00
TransferData[224],CAN,0x7E0,8,06 36 E0 1B BA EB 60 00
TransferData[225],CAN,0x7E0,8,06 36 E1 11 E0 1A 4B 00
TransferData[226],CAN,0x7E0,8,06 36 E2 53 F8 20 50 00
TransferData[227],CAN,0x7E0,8,06 36 E3 00 22 05 21 00
TransferData[228],CAN,0x7E0,8,06 36 E4 28 46 00 F0 00
TransferData[229],CAN,0x7E0,8,06 36 E5 F6 F9 00 22 00
TransferData[230],CAN,0x7E0,8,06 36 E6 06 21 28 46 00
TransferData[231],CAN,0x7E0,8,06 36 E7 00 F0 F1 F9 00
TransferData[232],CAN,0x7E0,8,06 36 E8 00 22 07 21 00
TransferData[233],CAN,0x7E0,8,06 36 E9 28 46 00 F0 00
TransferData[234],CAN,0x7E0,8,06 36 EA EC F9 00 23 00
TransferData[235],CAN,0x7E0,8,06 36 EB 23 60 63 79 00
TransferData[236],CAN,0x7E0,8,06 36 EC DB B2 03 2B 00
TransferData[237],CAN,0x7E0,8,06 36 ED 08 D0 00 23 00
TransferData[238],CAN,0x7E0,8,06 36 EE 63 71 D4 F8 00
TransferData[239],CAN,0x7E0,8,06 36 EF 00 51 1D B1 00
TransferData[240],CAN,0x7E0,8,06 36 F0 94 F8 11 31 00
TransferData[241],CAN,0x7E0,8,06 36 F1 01 2B 04 D0 00
TransferData[242],CAN,0x7E0,8,06 36 F2 A3 79 0B B1 00
TransferData[243],CAN,0x7E0,8,06 36 F3 63 79 33 B1 00
TransferData[244],CAN,0x7E0,8,06 36 F4 70 BD 23 46 00
TransferData[245],CAN,0x7E0,8,06 36 F5 00 22 08 21 00
TransferData[246],CAN,0x7E0,8,06 36 F6 30 46 A8 47 00
TransferData[247],CAN,0x7E0,8,06 36 F7 F4 E7 20 1D 00
TransferData[248],CAN,0x7E0,8,06 36 F8 01 F0 50 F9 00
TransferData[249],CAN,0x7E0,8,06 36 F9 00 28 F3 D0 00
TransferData[250],CAN,0x7E0,8,06 36 FA 00 BE FE E7 00
TransferData[251],CAN,0x7E0,8,06 36 FB 04 00 00 20 00
TransferData[252],CAN,0x7E0,8,06 36 FC 20 32 01 00 00
TransferData[253],CAN,0x7E0,8,06 36 FD 02 28 01 D9 00
TransferData[254],CAN,0x7E0,8,06 36 FE 00 BE FE E7 00
TransferData[255],CAN,0x7E0,8,06 36 FF 70 B5 0C 46 00
TransferData[0],CAN,0x7E0,8,06 36 00 09 4B 53 F8 00
TransferData[1],CAN,0x7E0,8,06 36 01 20 60 00 22 00
TransferData[2],CAN,0x7E0,8,06 36 02 08 4B 53 F8 00
TransferData[3],CAN,0x7E0,8,06 36 03 20 00 00 F0 00
TransferData[4],CAN,0x7E0,8,06 36 04 B8 F9 E4 00 00
TransferData[5],CAN,0x7E0,8,06 36 05 35 19 AB 79 00
TransferData[6],CAN,0x7E0,8,06 36 06 1B B1 04 34 00
TransferData[7],CAN,0x7E0,8,06 36 07 30 19 01 F0 00
TransferData[8],CAN,0x7E0,8,06 36 08 31 F9 00 23 00
TransferData[9],CAN,0x7E0,8,06 36 09 6B 71 70 BD 00
TransferData[10],CAN,0x7E0,8,06 36 0A 04 00 00 20 00
TransferData[11],CAN,0x7E0,8,06 36 0B 20 32 01 00 00
TransferData[12],CAN,0x7E0,8,06 36 0C 02 28 01 D9 00
TransferData[13],CAN,0x7E0,8,06 36 0D 00 BE FE E7 00
TransferData[14],CAN,0x7E0,8,06 36 0E 10 B5 07 4B 00
TransferData[15],CAN,0x7E0,8,06 36 0F 53 F8 20 40 00
TransferData[16],CAN,0x7E0,8,06 36 10 06 4B 53 F8 00
TransferData[17],CAN,0x7E0,8,06 36 11 20 20 D2 F8 00
TransferData[18],CAN,0x7E0,8,06 36 12 08 31 0B B1 00
TransferData[19],CAN,0x7E0,8,06 36 13 0A 21 98 47 00
TransferData[20],CAN,0x7E0,8,06 36 14 20 46 00 F0 00
TransferData[21],CAN,0x7E0,8,06 36 15 B5 F9 10 BD 00
TransferData[22],CAN,0x7E0,8,06 36 16 20 32 01 00 00
TransferData[23],CAN,0x7E0,8,06 36 17 04 00 00 20 00
TransferData[24],CAN,0x7E0,8,06 36 18 02 28 01 D9 00
TransferData[25],CAN,0x7E0,8,06 36 19 00 BE FE E7 00
TransferData[26],CAN,0x7E0,8,06 36 1A 2D E9 F0 43 00
TransferData[27],CAN,0x7E0,8,06 36 1B 95 B0 8C 4B 00
TransferData[28],CAN,0x7E0,8,06 36 1C 53 F8 20 50 00
TransferData[29],CAN,0x7E0,8,06 36 1D 8B 4B 53 F8 00
TransferData[30],CAN,0x7E0,8,06 36 1E 20 60 AB 6A 00
TransferData[31],CAN,0x7E0,8,06 36 1F 2A 6B 13 40 00
TransferData[32],CAN,0x7E0,8,06 36 20 03 F0 01 03 00
TransferData[33],CAN,0x7E0,8,06 36 21 00 24 63 B9 00
TransferData[34],CAN,0x7E0,8,06 36 22 01 34 20 2C 00
TransferData[35],CAN,0x7E0,8,06 36 23 00 F0 B2 80 00
TransferData[36],CAN,0x7E0,8,06 36 24 AB 6A 2A 6B 00
TransferData[37],CAN,0x7E0,8,06 36 25 13 40 04 F0 00
TransferData[38],CAN,0x7E0,8,06 36 26 1F 02 D3 40 00
TransferData[39],CAN,0x7E0,8,06 36 27 03 F0 01 03 00
TransferData[40],CAN,0x7E0,8,06 36 28 F1 E7 00 2B 00
TransferData[41],CAN,0x7E0,8,06 36 29 00 F0 A6 80 00
TransferData[42],CAN,0x7E0,8,06 36 2A 07 46 2B 68 00
TransferData[43],CAN,0x7E0,8,06 36 2B 13 F0 00 5F 00
TransferData[44],CAN,0x7E0,8,06 36 2C 79 D0 07 2C 00
TransferData[45],CAN,0x7E0,8,06 36 2D 77 D8 05 2C 00
TransferData[46],CAN,0x7E0,8,06 36 2E 21 D1 73 79 00
TransferData[47],CAN,0x7E0,8,06 36 2F DB B2 01 2B 00
TransferData[48],CAN,0x7E0,8,06 36 30 2A D1 31 68 00
TransferData[49],CAN,0x7E0,8,06 36 31 28 46 00 F0 00
TransferData[50],CAN,0x7E0,8,06 36 32 85 F9 20 23 00
TransferData[51],CAN,0x7E0,8,06 36 33 2B 63 00 23 00
TransferData[52],CAN,0x7E0,8,06 36 34 73 71 D6 F8 00
TransferData[53],CAN,0x7E0,8,06 36 35 00 81 B8 F1 00
TransferData[54],CAN,0x7E0,8,06 36 36 00 0F 04 D0 00
TransferData[55],CAN,0x7E0,8,06 36 37 33 46 00 22 00
TransferData[56],CAN,0x7E0,8,06 36 38 01 21 38 46 00
TransferData[57],CAN,0x7E0,8,06 36 39 C0 47 73 79 00
TransferData[58],CAN,0x7E0,8,06 36 3A 13 B9 38 46 00
TransferData[59],CAN,0x7E0,8,06 36 3B FF F7 24 FF 00
TransferData[60],CAN,0x7E0,8,06 36 3C 06 EB C4 03 00
TransferData[61],CAN,0x7E0,8,06 36 3D 5B 79 DB B2 00
TransferData[62],CAN,0x7E0,8,06 36 3E 02 2B 65 D1 00
TransferData[63],CAN,0x7E0,8,06 36 3F 12 E0 06 2C 00
TransferData[64],CAN,0x7E0,8,06 36 40 43 D1 40 23 00
TransferData[65],CAN,0x7E0,8,06 36 41 2B 63 D6 F8 00
TransferData[66],CAN,0x7E0,8,06 36 42 00 81 B8 F1 00
TransferData[67],CAN,0x7E0,8,06 36 43 00 0F 03 D0 00
TransferData[68],CAN,0x7E0,8,06 36 44 33 46 00 22 00
TransferData[69],CAN,0x7E0,8,06 36 45 02 21 C0 47 00
TransferData[70],CAN,0x7E0,8,06 36 46 06 EB C4 03 00
TransferData[71],CAN,0x7E0,8,06 36 47 5B 79 DB B2 00
TransferData[72],CAN,0x7E0,8,06 36 48 02 2B 51 D1 00
TransferData[73],CAN,0x7E0,8,06 36 49 06 EB C4 08 00
TransferData[74],CAN,0x7E0,8,06 36 4A 98 F8 07 30 00
TransferData[75],CAN,0x7E0,8,06 36 4B 00 2B 00 F0 00
TransferData[76],CAN,0x7E0,8,06 36 4C A3 80 21 46 00
TransferData[77],CAN,0x7E0,8,06 36 4D 28 46 00 F0 00
TransferData[78],CAN,0x7E0,8,06 36 4E A1 F9 01 AA 00
TransferData[79],CAN,0x7E0,8,06 36 4F 21 46 28 46 00
TransferData[80],CAN,0x7E0,8,06 36 50 00 F0 A1 F9 00
TransferData[81],CAN,0x7E0,8,06 36 51 AB 68 9D F8 00
TransferData[82],CAN,0x7E0,8,06 36 52 07 30 03 F0 00
TransferData[83],CAN,0x7E0,8,06 36 53 0F 03 04 2B 00
TransferData[84],CAN,0x7E0,8,06 36 54 06 D1 04 F0 00
TransferData[85],CAN,0x7E0,8,06 36 55 1F 02 01 23 00
TransferData[86],CAN,0x7E0,8,06 36 56 93 40 1F 2C 00
TransferData[87],CAN,0x7E0,8,06 36 57 00 D8 2B 63 00
TransferData[88],CAN,0x7E0,8,06 36 58 00 23 88 F8 00
TransferData[89],CAN,0x7E0,8,06 36 59 05 30 D6 F8 00
TransferData[90],CAN,0x7E0,8,06 36 5A 00 91 B9 F1 00
TransferData[91],CAN,0x7E0,8,06 36 5B 00 0F 04 D0 00
TransferData[92],CAN,0x7E0,8,06 36 5C 33 46 22 46 00
TransferData[93],CAN,0x7E0,8,06 36 5D 04 21 38 46 00
TransferData[94],CAN,0x7E0,8,06 36 5E C8 47 98 F8 00
TransferData[95],CAN,0x7E0,8,06 36 5F 05 30 0B BB 00
TransferData[96],CAN,0x7E0,8,06 36 60 21 46 38 46 00
TransferData[97],CAN,0x7E0,8,06 36 61 FF F7 36 FF 00
TransferData[98],CAN,0x7E0,8,06 36 62 1C E0 07 2C 00
TransferData[99],CAN,0x7E0,8,06 36 63 14 D1 80 23 00
TransferData[100],CAN,0x7E0,8,06 36 64 2B 63 D6 F8 00
TransferData[101],CAN,0x7E0,8,06 36 65 00 81 B8 F1 00
TransferData[102],CAN,0x7E0,8,06 36 66 00 0F BD D0 00
TransferData[103],CAN,0x7E0,8,06 36 67 33 46 00 22 00
TransferData[104],CAN,0x7E0,8,06 36 68 03 21 C0 47 00
TransferData[105],CAN,0x7E0,8,06 36 69 B8 E7 4F EA 00
TransferData[106],CAN,0x7E0,8,06 36 6A C4 09 06 EB 00
TransferData[107],CAN,0x7E0,8,06 36 6B 09 08 98 F8 00
TransferData[108],CAN,0x7E0,8,06 36 6C 05 30 DB B2 00
TransferData[109],CAN,0x7E0,8,06 36 6D 01 2B 20 D0 00
TransferData[110],CAN,0x7E0,8,06 36 6E 06 EB C4 03 00
TransferData[111],CAN,0x7E0,8,06 36 6F 5B 79 DB B2 00
TransferData[112],CAN,0x7E0,8,06 36 70 02 2B AF D0 00
TransferData[113],CAN,0x7E0,8,06 36 71 1F 2C 15 D8 00
TransferData[114],CAN,0x7E0,8,06 36 72 AB 6A 29 6B 00
TransferData[115],CAN,0x7E0,8,06 36 73 04 F0 1F 02 00
TransferData[116],CAN,0x7E0,8,06 36 74 0B 40 D3 40 00
TransferData[117],CAN,0x7E0,8,06 36 75 13 F0 01 0F 00
TransferData[118],CAN,0x7E0,8,06 36 76 0C D0 2B 68 00
TransferData[119],CAN,0x7E0,8,06 36 77 13 F0 00 5F 00
TransferData[120],CAN,0x7E0,8,06 36 78 52 D0 07 2C 00
TransferData[121],CAN,0x7E0,8,06 36 79 50 D8 73 79 00
TransferData[122],CAN,0x7E0,8,06 36 7A 23 B9 01 23 00
TransferData[123],CAN,0x7E0,8,06 36 7B 93 40 1F 2C 00
TransferData[124],CAN,0x7E0,8,06 36 7C 00 D8 2B 63 00
TransferData[125],CAN,0x7E0,8,06 36 7D 15 B0 BD E8 00
TransferData[126],CAN,0x7E0,8,06 36 7E F0 83 21 46 00
TransferData[127],CAN,0x7E0,8,06 36 7F 28 46 00 F0 00
TransferData[128],CAN,0x7E0,8,06 36 80 3D F9 56 F8 00
TransferData[129],CAN,0x7E0,8,06 36 81 34 20 21 46 00
TransferData[130],CAN,0x7E0,8,06 36 82 28 46 00 F0 00
TransferData[131],CAN,0x7E0,8,06 36 83 3C F9 04 F0 00
TransferData[132],CAN,0x7E0,8,06 36 84 1F 02 01 23 00
TransferData[133],CAN,0x7E0,8,06 36 85 93 40 1F 2C 00
TransferData[134],CAN,0x7E0,8,06 36 86 98 BF 2B 63 00
TransferData[135],CAN,0x7E0,8,06 36 87 2B 68 13 F0 00
TransferData[136],CAN,0x7E0,8,06 36 88 00 5F 27 D0 00
TransferData[137],CAN,0x7E0,8,06 36 89 56 F8 09 30 00
TransferData[138],CAN,0x7E0,8,06 36 8A DB 78 13 F0 00
TransferData[139],CAN,0x7E0,8,06 36 8B 0F 0F 21 D1 00
TransferData[140],CAN,0x7E0,8,06 36 8C 21 46 28 46 00
TransferData[141],CAN,0x7E0,8,06 36 8D 00 F0 0A F9 00
TransferData[142],CAN,0x7E0,8,06 36 8E 03 68 23 F0 00
TransferData[143],CAN,0x7E0,8,06 36 8F 70 63 03 60 00
TransferData[144],CAN,0x7E0,8,06 36 90 03 68 43 F0 00
TransferData[145],CAN,0x7E0,8,06 36 91 80 63 03 60 00
TransferData[146],CAN,0x7E0,8,06 36 92 00 23 88 F8 00
TransferData[147],CAN,0x7E0,8,06 36 93 05 30 D6 F8 00
TransferData[148],CAN,0x7E0,8,06 36 94 00 91 B9 F1 00
TransferData[149],CAN,0x7E0,8,06 36 95 00 0F 04 D0 00
TransferData[150],CAN,0x7E0,8,06 36 96 33 46 22 46 00
TransferData[151],CAN,0x7E0,8,06 36 97 00 21 38 46 00
TransferData[152],CAN,0x7E0,8,06 36 98 C8 47 98 F8 00
TransferData[153],CAN,0x7E0,8,06 36 99 05 30 00 2B 00
TransferData[154],CAN,0x7E0,8,06 36 9A A6 D1 21 46 00
TransferData[155],CAN,0x7E0,8,06 36 9B 38 46 FF F7 00
TransferData[156],CAN,0x7E0,8,06 36 9C C1 FE A1 E7 00
TransferData[157],CAN,0x7E0,8,06 36 9D AB 68 E7 E7 00
TransferData[158],CAN,0x7E0,8,06 36 9E 04 F0 1F 02 00
TransferData[159],CAN,0x7E0,8,06 36 9F 01 23 93 40 00
TransferData[160],CAN,0x7E0,8,06 36 A0 1F 2C 98 BF 00
TransferData[161],CAN,0x7E0,8,06 36 A1 2B 63 6B E7 00
TransferData[162],CAN,0x7E0,8,06 36 A2 06 EB C4 06 00
TransferData[163],CAN,0x7E0,8,06 36 A3 73 79 00 2B 00
TransferData[164],CAN,0x7E0,8,06 36 A4 B0 D1 01 23 00
TransferData[165],CAN,0x7E0,8,06 36 A5 93 40 1F 2C 00
TransferData[166],CAN,0x7E0,8,06 36 A6 AC D8 2B 63 00
TransferData[167],CAN,0x7E0,8,06 36 A7 AA E7 00 BF 00
TransferData[168],CAN,0x7E0,8,06 36 A8 20 32 01 00 00
TransferData[169],CAN,0x7E0,8,06 36 A9 04 00 00 20 00
TransferData[170],CAN,0x7E0,8,06 36 AA 02 28 01 D9 00
TransferData[171],CAN,0x7E0,8,06 36 AB 00 BE FE E7 00
TransferData[172],CAN,0x7E0,8,06 36 AC 10 B5 07 4B 00
TransferData[173],CAN,0x7E0,8,06 36 AD 53 F8 20 40 00
TransferData[174],CAN,0x7E0,8,06 36 AE 06 4B 53 F8 00
TransferData[175],CAN,0x7E0,8,06 36 AF 20 20 D2 F8 00
TransferData[176],CAN,0x7E0,8,06 36 B0 08 31 0B B1 00
TransferData[177],CAN,0x7E0,8,06 36 B1 0A 21 98 47 00
TransferData[178],CAN,0x7E0,8,06 36 B2 20 46 00 F0 00
TransferData[179],CAN,0x7E0,8,06 36 B3 6D F8 10 BD 00
TransferData[180],CAN,0x7E0,8,06 36 B4 20 32 01 00 00
TransferData[181],CAN,0x7E0,8,06 36 B5 04 00 00 20 00
TransferData[182],CAN,0x7E0,8,06 36 B6 02 28 01 D9 00
TransferData[183],CAN,0x7E0,8,06 36 B7 00 BE FE E7 00
TransferData[184],CAN,0x7E0,8,06 36 B8 F8 B5 18 4B 00
TransferData[185],CAN,0x7E0,8,06 36 B9 53 F8 20 50 00
TransferData[186],CAN,0x7E0,8,06 36 BA 17 4B 53 F8 00
TransferData[187],CAN,0x7E0,8,06 36 BB 20 60 2B 68 00
TransferData[188],CAN,0x7E0,8,06 36 BC 13 F4 80 4F 00
TransferData[189],CAN,0x7E0,8,06 36 BD 25 D0 04 46 00
TransferData[190],CAN,0x7E0,8,06 36 BE D5 F8 08 3B 00
TransferData[191],CAN,0x7E0,8,06 36 BF 13 F4 00 3F 00
TransferData[192],CAN,0x7E0,8,06 36 C0 0C D0 D5 F8 00
TransferData[193],CAN,0x7E0,8,06 36 C1 08 3B 43 F4 00
TransferData[194],CAN,0x7E0,8,06 36 C2 00 33 C5 F8 00
TransferData[195],CAN,0x7E0,8,06 36 C3 08 3B D6 F8 00
TransferData[196],CAN,0x7E0,8,06 36 C4 00 71 1F B1 00
TransferData[197],CAN,0x7E0,8,06 36 C5 33 46 00 22 00
TransferData[198],CAN,0x7E0,8,06 36 C6 05 21 B8 47 00
TransferData[199],CAN,0x7E0,8,06 36 C7 D5 F8 08 3B 00
TransferData[200],CAN,0x7E0,8,06 36 C8 13 F4 80 3F 00
TransferData[201],CAN,0x7E0,8,06 36 C9 0D D0 D5 F8 00
TransferData[202],CAN,0x7E0,8,06 36 CA 08 3B 43 F4 00
TransferData[203],CAN,0x7E0,8,06 36 CB 80 33 C5 F8 00
TransferData[204],CAN,0x7E0,8,06 36 CC 08 3B D6 F8 00
TransferData[205],CAN,0x7E0,8,06 36 CD 00 51 25 B1 00
TransferData[206],CAN,0x7E0,8,06 36 CE 33 46 00 22 00
TransferData[207],CAN,0x7E0,8,06 36 CF 06 21 20 46 00
TransferData[208],CAN,0x7E0,8,06 36 D0 A8 47 F8 BD 00
TransferData[209],CAN,0x7E0,8,06 36 D1 20 32 01 00 00
TransferData[210],CAN,0x7E0,8,06 36 D2 04 00 00 20 00
TransferData[211],CAN,0x7E0,8,06 36 D3 08 28 17 D9 00
TransferData[212],CAN,0x7E0,8,06 36 D4 09 38 06 28 00
TransferData[213],CAN,0x7E0,8,06 36 D5 13 D8 DF E8 00
TransferData[214],CAN,0x7E0,8,06 36 D6 00 F0 04 06 00
TransferData[215],CAN,0x7E0,8,06 36 D7 08 0A 0C 0E 00
TransferData[216],CAN,0x7E0,8,06 36 D8 10 00 0C 20 00
TransferData[217],CAN,0x7E0,8,06 36 D9 70 47 10 20 00
TransferData[218],CAN,0x7E0,8,06 36 DA 70 47 14 20 00
TransferData[219],CAN,0x7E0,8,06 36 DB 70 47 18 20 00
TransferData[220],CAN,0x7E0,8,06 36 DC 70 47 20 20 00
TransferData[221],CAN,0x7E0,8,06 36 DD 70 47 30 20 00
TransferData[222],CAN,0x7E0,8,06 36 DE 70 47 40 20 00
TransferData[223],CAN,0x7E0,8,06 36 DF 70 47 00 20 00
TransferData[224],CAN,0x7E0,8,06 36 E0 70 47 1F 29 00
TransferData[225],CAN,0x7E0,8,06 36 E1 09 D8 01 F0 00
TransferData[226],CAN,0x7E0,8,06 36 E2 1F 01 01 23 00
TransferData[227],CAN,0x7E0,8,06 36 E3 03 FA 01 F1 00
TransferData[228],CAN,0x7E0,8,06 36 E4 2A B9 83 6A 00
TransferData[229],CAN,0x7E0,8,06 36 E5 23 EA 01 01 00
TransferData[230],CAN,0x7E0,8,06 36 E6 81 62 00 20 00
TransferData[231],CAN,0x7E0,8,06 36 E7 70 47 83 6A 00
TransferData[232],CAN,0x7E0,8,06 36 E8 19 43 81 62 00
TransferData[233],CAN,0x7E0,8,06 36 E9 F9 E7 00 00 00
TransferData[234],CAN,0x7E0,8,06 36 EA 02 6A 03 4B 00
TransferData[235],CAN,0x7E0,8,06 36 EB 13 40 13 B1 00
TransferData[236],CAN,0x7E0,8,06 36 EC 02 4B 03 62 00
TransferData[237],CAN,0x7E0,8,06 36 ED 03 6A 70 47 00
TransferData[238],CAN,0x7E0,8,06 36 EE 06 00 3B 00 00
TransferData[239],CAN,0x7E0,8,06 36 EF 02 00 30 00 00
TransferData[240],CAN,0x7E0,8,06 36 F0 02 6A 03 4B 00
TransferData[241],CAN,0x7E0,8,06 36 F1 13 40 13 B1 00
TransferData[242],CAN,0x7E0,8,06 36 F2 01 4B 03 62 00
TransferData[243],CAN,0x7E0,8,06 36 F3 03 6A 70 47 00
TransferData[244],CAN,0x7E0,8,06 36 F4 04 00 0B 00 00
TransferData[245],CAN,0x7E0,8,06 36 F5 09 B9 00 BE 00
TransferData[246],CAN,0x7E0,8,06 36 F6 FE E7 70 B5 00
TransferData[247],CAN,0x7E0,8,06 36 F7 0D 46 04 46 00
TransferData[248],CAN,0x7E0,8,06 36 F8 D0 F8 80 00 00
TransferData[249],CAN,0x7E0,8,06 36 F9 C0 F3 03 40 00
TransferData[250],CAN,0x7E0,8,06 36 FA FF F7 B0 FF 00
TransferData[251],CAN,0x7E0,8,06 36 FB 85 F8 48 00 00
TransferData[252],CAN,0x7E0,8,06 36 FC D4 F8 80 30 00
TransferData[253],CAN,0x7E0,8,06 36 FD 2B 60 13 F4 00
TransferData[254],CAN,0x7E0,8,06 36 FE 00 1F 05 D0 00
TransferData[255],CAN,0x7E0,8,06 36 FF D4 F8 84 30 00
TransferData[0],CAN,0x7E0,8,06 36 00 6B 60 06 46 00
TransferData[1],CAN,0x7E0,8,06 36 01 28 B9 70 BD 00
TransferData[2],CAN,0x7E0,8,06 36 02 D4 F8 84 30 00
TransferData[3],CAN,0x7E0,8,06 36 03 9B 0C 6B 60 00
TransferData[4],CAN,0x7E0,8,06 36 04 F7 E7 00 23 00
TransferData[5],CAN,0x7E0,8,06 36 05 88 34 99 08 00
TransferData[6],CAN,0x7E0,8,06 36 06 8A 00 54 F8 00
TransferData[7],CAN,0x7E0,8,06 36 07 21 10 09 BA 00
TransferData[8],CAN,0x7E0,8,06 36 08 2A 44 91 60 00
TransferData[9],CAN,0x7E0,8,06 36 09 04 33 B3 42 00
TransferData[10],CAN,0x7E0,8,06 36 0A F5 D3 70 BD 00
TransferData[11],CAN,0x7E0,8,06 36 0B 03 68 13 F4 00
TransferData[12],CAN,0x7E0,8,06 36 0C 00 6F 09 D0 00
TransferData[13],CAN,0x7E0,8,06 36 0D D0 F8 00 0C 00
TransferData[14],CAN,0x7E0,8,06 36 0E C0 F3 01 40 00
TransferData[15],CAN,0x7E0,8,06 36 0F 03 30 01 23 00
TransferData[16],CAN,0x7E0,8,06 36 10 03 FA 00 F0 00
TransferData[17],CAN,0x7E0,8,06 36 11 C0 B2 70 47 00
TransferData[18],CAN,0x7E0,8,06 36 12 08 20 FB E7 00
TransferData[19],CAN,0x7E0,8,06 36 13 38 B5 04 46 00
TransferData[20],CAN,0x7E0,8,06 36 14 0D 46 FF F7 00
TransferData[21],CAN,0x7E0,8,06 36 15 EB FF 08 30 00
TransferData[22],CAN,0x7E0,8,06 36 16 C0 B2 4F F4 00
TransferData[23],CAN,0x7E0,8,06 36 17 00 73 B3 FB 00
TransferData[24],CAN,0x7E0,8,06 36 18 F0 F3 DB B2 00
TransferData[25],CAN,0x7E0,8,06 36 19 B5 FB F3 F2 00
TransferData[26],CAN,0x7E0,8,06 36 1A 03 FB 12 53 00
TransferData[27],CAN,0x7E0,8,06 36 1B 80 08 D2 01 00
TransferData[28],CAN,0x7E0,8,06 36 1C 00 FB 03 20 00
TransferData[29],CAN,0x7E0,8,06 36 1D 20 30 04 EB 00
TransferData[30],CAN,0x7E0,8,06 36 1E 80 00 38 BD 00
TransferData[31],CAN,0x7E0,8,06 36 1F 08 B5 FF F7 00
TransferData[32],CAN,0x7E0,8,06 36 20 E5 FF 03 68 00
TransferData[33],CAN,0x7E0,8,06 36 21 08 BD 0A B9 00
TransferData[34],CAN,0x7E0,8,06 36 22 00 BE FE E7 00
TransferData[35],CAN,0x7E0,8,06 36 23 2D E9 F0 41 00
TransferData[36],CAN,0x7E0,8,06 36 24 14 46 07 46 00
TransferData[37],CAN,0x7E0,8,06 36 25 FF F7 DA FF 00
TransferData[38],CAN,0x7E0,8,06 36 26 06 46 04 F1 00
TransferData[39],CAN,0x7E0,8,06 36 27 08 08 00 68 00
TransferData[40],CAN,0x7E0,8,06 36 28 C0 F3 03 40 00
TransferData[41],CAN,0x7E0,8,06 36 29 FF F7 52 FF 00
TransferData[42],CAN,0x7E0,8,06 36 2A 05 46 38 46 00
TransferData[43],CAN,0x7E0,8,06 36 2B FF F7 BE FF 00
TransferData[44],CAN,0x7E0,8,06 36 2C 85 42 03 D9 00
TransferData[45],CAN,0x7E0,8,06 36 2D 38 46 FF F7 00
TransferData[46],CAN,0x7E0,8,06 36 2E B9 FF 05 46 00
TransferData[47],CAN,0x7E0,8,06 36 2F 84 F8 48 50 00
TransferData[48],CAN,0x7E0,8,06 36 30 33 68 23 60 00
TransferData[49],CAN,0x7E0,8,06 36 31 13 F4 00 1F 00
TransferData[50],CAN,0x7E0,8,06 36 32 22 D0 73 68 00
TransferData[51],CAN,0x7E0,8,06 36 33 63 60 35 F0 00
TransferData[52],CAN,0x7E0,8,06 36 34 03 00 08 BF 00
TransferData[53],CAN,0x7E0,8,06 36 35 00 23 0B D0 00
TransferData[54],CAN,0x7E0,8,06 36 36 00 23 99 08 00
TransferData[55],CAN,0x7E0,8,06 36 37 8A 00 08 32 00
TransferData[56],CAN,0x7E0,8,06 36 38 B2 58 12 BA 00
TransferData[57],CAN,0x7E0,8,06 36 39 48 F8 21 20 00
TransferData[58],CAN,0x7E0,8,06 36 3A 04 33 DB B2 00
TransferData[59],CAN,0x7E0,8,06 36 3B 83 42 F4 D3 00
TransferData[60],CAN,0x7E0,8,06 36 3C 9D 42 0B D9 00
TransferData[61],CAN,0x7E0,8,06 36 3D DA 1D 14 44 00
TransferData[62],CAN,0x7E0,8,06 36 3E 83 F0 03 02 00
TransferData[63],CAN,0x7E0,8,06 36 3F 08 32 B2 5C 00
TransferData[64],CAN,0x7E0,8,06 36 40 04 F8 01 2F 00
TransferData[65],CAN,0x7E0,8,06 36 41 01 33 DB B2 00
TransferData[66],CAN,0x7E0,8,06 36 42 9D 42 F5 D1 00
TransferData[67],CAN,0x7E0,8,06 36 43 BD E8 F0 81 00
TransferData[68],CAN,0x7E0,8,06 36 44 73 68 9B 0C 00
TransferData[69],CAN,0x7E0,8,06 36 45 63 60 DA E7 00
TransferData[70],CAN,0x7E0,8,06 36 46 08 B5 00 20 00
TransferData[71],CAN,0x7E0,8,06 36 47 FF F7 88 FD 00
TransferData[72],CAN,0x7E0,8,06 36 48 08 BD 08 B5 00
TransferData[73],CAN,0x7E0,8,06 36 49 00 20 FF F7 00
TransferData[74],CAN,0x7E0,8,06 36 4A BF FE 08 BD 00
TransferData[75],CAN,0x7E0,8,06 36 4B 08 B5 00 20 00
TransferData[76],CAN,0x7E0,8,06 36 4C FF F7 D2 FE 00
TransferData[77],CAN,0x7E0,8,06 36 4D 08 BD 08 B5 00
TransferData[78],CAN,0x7E0,8,06 36 4E 00 20 FF F7 00
TransferData[79],CAN,0x7E0,8,06 36 4F 91 FD 08 BD 00
TransferData[80],CAN,0x7E0,8,06 36 50 08 B5 00 20 00
TransferData[81],CAN,0x7E0,8,06 36 51 FF F7 8C FD 00
TransferData[82],CAN,0x7E0,8,06 36 52 08 BD 08 B5 00
TransferData[83],CAN,0x7E0,8,06 36 53 01 20 FF F7 00
TransferData[84],CAN,0x7E0,8,06 36 54 6F FD 08 BD 00
TransferData[85],CAN,0x7E0,8,06 36 55 08 B5 01 20 00
TransferData[86],CAN,0x7E0,8,06 36 56 FF F7 A6 FE 00
TransferData[87],CAN,0x7E0,8,06 36 57 08 BD 08 B5 00
TransferData[88],CAN,0x7E0,8,06 36 58 01 20 FF F7 00
TransferData[89],CAN,0x7E0,8,06 36 59 7D FD 08 BD 00
TransferData[90],CAN,0x7E0,8,06 36 5A 08 B5 02 20 00
TransferData[91],CAN,0x7E0,8,06 36 5B FF F7 60 FD 00
TransferData[92],CAN,0x7E0,8,06 36 5C 08 BD 08 B5 00
TransferData[93],CAN,0x7E0,8,06 36 5D 02 20 FF F7 00
TransferData[94],CAN,0x7E0,8,06 36 5E 97 FE 08 BD 00
TransferData[95],CAN,0x7E0,8,06 36 5F 08 B5 02 20 00
TransferData[96],CAN,0x7E0,8,06 36 60 FF F7 6E FD 00
TransferData[97],CAN,0x7E0,8,06 36 61 08 BD 00 00 00
TransferData[98],CAN,0x7E0,8,06 36 62 10 F1 0E 0F 00
TransferData[99],CAN,0x7E0,8,06 36 63 01 DA 00 BE 00
TransferData[100],CAN,0x7E0,8,06 36 64 FE E7 7A 28 00
TransferData[101],CAN,0x7E0,8,06 36 65 01 DD 00 BE 00
TransferData[102],CAN,0x7E0,8,06 36 66 FE E7 10 B4 00
TransferData[103],CAN,0x7E0,8,06 36 67 0E 4B 0F 4C 00
TransferData[104],CAN,0x7E0,8,06 36 68 9C 42 03 D1 00
TransferData[105],CAN,0x7E0,8,06 36 69 0E 4B 0F 4C 00
TransferData[106],CAN,0x7E0,8,06 36 6A 9C 42 0D D1 00
TransferData[107],CAN,0x7E0,8,06 36 6B 2A B1 00 F1 00
TransferData[108],CAN,0x7E0,8,06 36 6C 10 03 0A 4C 00
TransferData[109],CAN,0x7E0,8,06 36 6D 54 F8 23 30 00
TransferData[110],CAN,0x7E0,8,06 36 6E 13 60 10 30 00
TransferData[111],CAN,0x7E0,8,06 36 6F 07 4B 43 F8 00
TransferData[112],CAN,0x7E0,8,06 36 70 20 10 5D F8 00
TransferData[113],CAN,0x7E0,8,06 36 71 04 4B 70 47 00
TransferData[114],CAN,0x7E0,8,06 36 72 10 30 04 4B 00
TransferData[115],CAN,0x7E0,8,06 36 73 53 F8 20 30 00
TransferData[116],CAN,0x7E0,8,06 36 74 99 42 F6 D0 00
TransferData[117],CAN,0x7E0,8,06 36 75 00 BE FE E7 00
TransferData[118],CAN,0x7E0,8,06 36 76 00 00 01 00 00
TransferData[119],CAN,0x7E0,8,06 36 77 00 80 FF 1F 00
TransferData[120],CAN,0x7E0,8,06 36 78 D4 34 01 00 00
TransferData[121],CAN,0x7E0,8,06 36 79 A0 32 01 00 00
TransferData[122],CAN,0x7E0,8,06 36 7A 00 28 01 DA 00
TransferData[123],CAN,0x7E0,8,06 36 7B 00 BE FE E7 00
TransferData[124],CAN,0x7E0,8,06 36 7C 7A 28 01 DD 00
TransferData[125],CAN,0x7E0,8,06 36 7D 00 BE FE E7 00
TransferData[126],CAN,0x7E0,8,06 36 7E 42 09 00 F0 00
TransferData[127],CAN,0x7E0,8,06 36 7F 1F 00 01 23 00
TransferData[128],CAN,0x7E0,8,06 36 80 03 FA 00 F0 00
TransferData[129],CAN,0x7E0,8,06 36 81 01 4B 43 F8 00
TransferData[130],CAN,0x7E0,8,06 36 82 22 00 70 47 00
TransferData[131],CAN,0x7E0,8,06 36 83 00 E1 00 E0 00
TransferData[132],CAN,0x7E0,8,06 36 84 05 4B 1B 68 00
TransferData[133],CAN,0x7E0,8,06 36 85 00 2B 04 DD 00
TransferData[134],CAN,0x7E0,8,06 36 86 01 3B 03 4A 00
TransferData[135],CAN,0x7E0,8,06 36 87 13 60 00 2B 00
TransferData[136],CAN,0x7E0,8,06 36 88 00 DD 70 47 00
TransferData[137],CAN,0x7E0,8,06 36 89 62 B6 FC E7 00
TransferData[138],CAN,0x7E0,8,06 36 8A 10 00 00 20 00
TransferData[139],CAN,0x7E0,8,06 36 8B 72 B6 02 4A 00
TransferData[140],CAN,0x7E0,8,06 36 8C 13 68 01 33 00
TransferData[141],CAN,0x7E0,8,06 36 8D 13 60 70 47 00
TransferData[142],CAN,0x7E0,8,06 36 8E 10 00 00 20 00
TransferData[143],CAN,0x7E0,8,06 36 8F 02 28 01 D9 00
TransferData[144],CAN,0x7E0,8,06 36 90 00 BE FE E7 00
TransferData[145],CAN,0x7E0,8,06 36 91 38 B5 14 4B 00
TransferData[146],CAN,0x7E0,8,06 36 92 53 F8 20 50 00
TransferData[147],CAN,0x7E0,8,06 36 93 13 4B 53 F8 00
TransferData[148],CAN,0x7E0,8,06 36 94 20 40 E3 8D 00
TransferData[149],CAN,0x7E0,8,06 36 95 9B B2 02 2B 00
TransferData[150],CAN,0x7E0,8,06 36 96 17 D1 00 23 00
TransferData[151],CAN,0x7E0,8,06 36 97 E3 85 00 22 00
TransferData[152],CAN,0x7E0,8,06 36 98 0F 49 28 46 00
TransferData[153],CAN,0x7E0,8,06 36 99 00 F0 33 FC 00
TransferData[154],CAN,0x7E0,8,06 36 9A AB 69 23 F4 00
TransferData[155],CAN,0x7E0,8,06 36 9B 00 23 AB 61 00
TransferData[156],CAN,0x7E0,8,06 36 9C AB 69 13 F4 00
TransferData[157],CAN,0x7E0,8,06 36 9D 00 2F FB D1 00
TransferData[158],CAN,0x7E0,8,06 36 9E 00 23 23 74 00
TransferData[159],CAN,0x7E0,8,06 36 9F A3 7C 1B B1 00
TransferData[160],CAN,0x7E0,8,06 36 A0 04 F1 2C 00 00
TransferData[161],CAN,0x7E0,8,06 36 A1 00 F0 FE FD 00
TransferData[162],CAN,0x7E0,8,06 36 A2 38 BD 00 22 00
TransferData[163],CAN,0x7E0,8,06 36 A3 05 49 28 46 00
TransferData[164],CAN,0x7E0,8,06 36 A4 00 F0 1D FC 00
TransferData[165],CAN,0x7E0,8,06 36 A5 E3 E7 00 BF 00
TransferData[166],CAN,0x7E0,8,06 36 A6 2C 32 01 00 00
TransferData[167],CAN,0x7E0,8,06 36 A7 14 00 00 20 00
TransferData[168],CAN,0x7E0,8,06 36 A8 16 00 03 00 00
TransferData[169],CAN,0x7E0,8,06 36 A9 17 00 03 00 00
TransferData[170],CAN,0x7E0,8,06 36 AA 38 B5 15 4B 00
TransferData[171],CAN,0x7E0,8,06 36 AB 53 F8 20 40 00
TransferData[172],CAN,0x7E0,8,06 36 AC 14 4B 53 F8 00
TransferData[173],CAN,0x7E0,8,06 36 AD 20 50 23 69 00
TransferData[174],CAN,0x7E0,8,06 36 AE 23 F4 00 03 00
TransferData[175],CAN,0x7E0,8,06 36 AF 23 61 95 F8 00
TransferData[176],CAN,0x7E0,8,06 36 B0 2A 00 FF F7 00
TransferData[177],CAN,0x7E0,8,06 36 B1 AB FB 00 22 00
TransferData[178],CAN,0x7E0,8,06 36 B2 0F 49 20 46 00
TransferData[179],CAN,0x7E0,8,06 36 B3 00 F0 FF FB 00
TransferData[180],CAN,0x7E0,8,06 36 B4 A3 69 23 F4 00
TransferData[181],CAN,0x7E0,8,06 36 B5 00 23 A3 61 00
TransferData[182],CAN,0x7E0,8,06 36 B6 A3 69 13 F4 00
TransferData[183],CAN,0x7E0,8,06 36 B7 00 2F FB D1 00
TransferData[184],CAN,0x7E0,8,06 36 B8 AB 7C 43 B9 00
TransferData[185],CAN,0x7E0,8,06 36 B9 EB 8D 9B B2 00
TransferData[186],CAN,0x7E0,8,06 36 BA 02 2B 04 BF 00
TransferData[187],CAN,0x7E0,8,06 36 BB 00 23 EB 85 00
TransferData[188],CAN,0x7E0,8,06 36 BC 00 23 2B 74 00
TransferData[189],CAN,0x7E0,8,06 36 BD 38 BD 05 F1 00
TransferData[190],CAN,0x7E0,8,06 36 BE 2C 00 00 F0 00
TransferData[191],CAN,0x7E0,8,06 36 BF C3 FD F1 E7 00
TransferData[192],CAN,0x7E0,8,06 36 C0 2C 32 01 00 00
TransferData[193],CAN,0x7E0,8,06 36 C1 14 00 00 20 00
TransferData[194],CAN,0x7E0,8,06 36 C2 16 00 03 00 00
TransferData[195],CAN,0x7E0,8,06 36 C3 08 B5 0E 4B 00
TransferData[196],CAN,0x7E0,8,06 36 C4 53 F8 20 20 00
TransferData[197],CAN,0x7E0,8,06 36 C5 0D 4B 53 F8 00
TransferData[198],CAN,0x7E0,8,06 36 C6 20 00 13 68 00
TransferData[199],CAN,0x7E0,8,06 36 C7 12 7D 12 B9 00
TransferData[200],CAN,0x7E0,8,06 36 C8 1B 78 03 77 00
TransferData[201],CAN,0x7E0,8,06 36 C9 08 BD 01 2A 00
TransferData[202],CAN,0x7E0,8,06 36 CA 06 D1 1A 78 00
TransferData[203],CAN,0x7E0,8,06 36 CB 59 78 42 EA 00
TransferData[204],CAN,0x7E0,8,06 36 CC 01 21 00 F0 00
TransferData[205],CAN,0x7E0,8,06 36 CD 8E FB 08 BD 00
TransferData[206],CAN,0x7E0,8,06 36 CE 1A 78 59 78 00
TransferData[207],CAN,0x7E0,8,06 36 CF 42 EA 01 21 00
TransferData[208],CAN,0x7E0,8,06 36 D0 00 F0 92 FB 00
TransferData[209],CAN,0x7E0,8,06 36 D1 08 BD 00 BF 00
TransferData[210],CAN,0x7E0,8,06 36 D2 14 00 00 20 00
TransferData[211],CAN,0x7E0,8,06 36 D3 2C 32 01 00 00
TransferData[212],CAN,0x7E0,8,06 36 D4 02 28 01 D9 00
TransferData[213],CAN,0x7E0,8,06 36 D5 00 BE FE E7 00
TransferData[214],CAN,0x7E0,8,06 36 D6 38 B5 14 4B 00
TransferData[215],CAN,0x7E0,8,06 36 D7 53 F8 20 40 00
TransferData[216],CAN,0x7E0,8,06 36 D8 13 4B 53 F8 00
TransferData[217],CAN,0x7E0,8,06 36 D9 20 50 AB 69 00
TransferData[218],CAN,0x7E0,8,06 36 DA 23 F4 80 23 00
TransferData[219],CAN,0x7E0,8,06 36 DB AB 61 AB 69 00
TransferData[220],CAN,0x7E0,8,06 36 DC 13 F4 80 2F 00
TransferData[221],CAN,0x7E0,8,06 36 DD FB D1 00 21 00
TransferData[222],CAN,0x7E0,8,06 36 DE 28 46 00 F0 00
TransferData[223],CAN,0x7E0,8,06 36 DF 29 FC EB 69 00
TransferData[224],CAN,0x7E0,8,06 36 E0 00 22 0C 49 00
TransferData[225],CAN,0x7E0,8,06 36 E1 28 46 00 F0 00
TransferData[226],CAN,0x7E0,8,06 36 E2 A2 FB E3 7C 00
TransferData[227],CAN,0x7E0,8,06 36 E3 2B B1 04 F1 00
TransferData[228],CAN,0x7E0,8,06 36 E4 2B 00 00 F0 00
TransferData[229],CAN,0x7E0,8,06 36 E5 77 FD 00 23 00
TransferData[230],CAN,0x7E0,8,06 36 E6 E3 74 00 23 00
TransferData[231],CAN,0x7E0,8,06 36 E7 63 74 23 8E 00
TransferData[232],CAN,0x7E0,8,06 36 E8 9B B2 02 2B 00
TransferData[233],CAN,0x7E0,8,06 36 E9 04 BF 00 23 00
TransferData[234],CAN,0x7E0,8,06 36 EA 23 86 38 BD 00
TransferData[235],CAN,0x7E0,8,06 36 EB 14 00 00 20 00
TransferData[236],CAN,0x7E0,8,06 36 EC 2C 32 01 00 00
TransferData[237],CAN,0x7E0,8,06 36 ED 15 00 03 00 00
TransferData[238],CAN,0x7E0,8,06 36 EE 38 B5 16 4B 00
TransferData[239],CAN,0x7E0,8,06 36 EF 53 F8 20 50 00
TransferData[240],CAN,0x7E0,8,06 36 F0 15 4B 53 F8 00
TransferData[241],CAN,0x7E0,8,06 36 F1 20 40 AB 69 00
TransferData[242],CAN,0x7E0,8,06 36 F2 23 F4 80 23 00
TransferData[243],CAN,0x7E0,8,06 36 F3 AB 61 AB 69 00
TransferData[244],CAN,0x7E0,8,06 36 F4 13 F4 80 2F 00
TransferData[245],CAN,0x7E0,8,06 36 F5 FB D1 00 21 00
TransferData[246],CAN,0x7E0,8,06 36 F6 28 46 00 F0 00
TransferData[247],CAN,0x7E0,8,06 36 F7 F9 FB 2B 69 00
TransferData[248],CAN,0x7E0,8,06 36 F8 23 F4 00 13 00
TransferData[249],CAN,0x7E0,8,06 36 F9 2B 61 EB 69 00
TransferData[250],CAN,0x7E0,8,06 36 FA 94 F8 29 00 00
TransferData[251],CAN,0x7E0,8,06 36 FB FF F7 16 FB 00
TransferData[252],CAN,0x7E0,8,06 36 FC E3 7C 43 B9 00
TransferData[253],CAN,0x7E0,8,06 36 FD 23 8E 9B B2 00
TransferData[254],CAN,0x7E0,8,06 36 FE 02 2B 04 BF 00
TransferData[255],CAN,0x7E0,8,06 36 FF 00 23 23 86 00
TransferData[0],CAN,0x7E0,8,06 36 00 00 23 63 74 00
TransferData[1],CAN,0x7E0,8,06 36 01 38 BD 04 F1 00
TransferData[2],CAN,0x7E0,8,06 36 02 2B 00 00 F0 00
TransferData[3],CAN,0x7E0,8,06 36 03 3B FD 00 23 00
TransferData[4],CAN,0x7E0,8,06 36 04 E3 74 EF E7 00
TransferData[5],CAN,0x7E0,8,06 36 05 2C 32 01 00 00
TransferData[6],CAN,0x7E0,8,06 36 06 14 00 00 20 00
TransferData[7],CAN,0x7E0,8,06 36 07 10 B5 82 B0 00
TransferData[8],CAN,0x7E0,8,06 36 08 14 4B 53 F8 00
TransferData[9],CAN,0x7E0,8,06 36 09 20 30 14 4A 00
TransferData[10],CAN,0x7E0,8,06 36 0A 52 F8 20 00 00
TransferData[11],CAN,0x7E0,8,06 36 0B 5C 68 1B 7D 00
TransferData[12],CAN,0x7E0,8,06 36 0C 33 B9 0C B9 00
TransferData[13],CAN,0x7E0,8,06 36 0D 00 BE FE E7 00
TransferData[14],CAN,0x7E0,8,06 36 0E C3 69 23 70 00
TransferData[15],CAN,0x7E0,8,06 36 0F 02 B0 10 BD 00
TransferData[16],CAN,0x7E0,8,06 36 10 01 2B 0B D1 00
TransferData[17],CAN,0x7E0,8,06 36 11 0D F1 06 01 00
TransferData[18],CAN,0x7E0,8,06 36 12 00 F0 1F FB 00
TransferData[19],CAN,0x7E0,8,06 36 13 BD F8 06 30 00
TransferData[20],CAN,0x7E0,8,06 36 14 23 70 BD F8 00
TransferData[21],CAN,0x7E0,8,06 36 15 06 30 1B 0A 00
TransferData[22],CAN,0x7E0,8,06 36 16 63 70 EF E7 00
TransferData[23],CAN,0x7E0,8,06 36 17 0D F1 06 01 00
TransferData[24],CAN,0x7E0,8,06 36 18 00 F0 22 FB 00
TransferData[25],CAN,0x7E0,8,06 36 19 BD F8 06 30 00
TransferData[26],CAN,0x7E0,8,06 36 1A 23 70 BD F8 00
TransferData[27],CAN,0x7E0,8,06 36 1B 06 30 1B 0A 00
TransferData[28],CAN,0x7E0,8,06 36 1C 63 70 E3 E7 00
TransferData[29],CAN,0x7E0,8,06 36 1D 14 00 00 20 00
TransferData[30],CAN,0x7E0,8,06 36 1E 2C 32 01 00 00
TransferData[31],CAN,0x7E0,8,06 36 1F 02 28 01 D9 00
TransferData[32],CAN,0x7E0,8,06 36 20 00 BE FE E7 00
TransferData[33],CAN,0x7E0,8,06 36 21 2D E9 F8 43 00
TransferData[34],CAN,0x7E0,8,06 36 22 80 46 0E 46 00
TransferData[35],CAN,0x7E0,8,06 36 23 14 46 09 B9 00
TransferData[36],CAN,0x7E0,8,06 36 24 00 BE FE E7 00
TransferData[37],CAN,0x7E0,8,06 36 25 21 4B 53 F8 00
TransferData[38],CAN,0x7E0,8,06 36 26 20 50 21 4B 00
TransferData[39],CAN,0x7E0,8,06 36 27 53 F8 20 70 00
TransferData[40],CAN,0x7E0,8,06 36 28 00 32 18 BF 00
TransferData[41],CAN,0x7E0,8,06 36 29 01 22 13 46 00
TransferData[42],CAN,0x7E0,8,06 36 2A 0A B9 00 BE 00
TransferData[43],CAN,0x7E0,8,06 36 2B FE E7 3A 7D 00
TransferData[44],CAN,0x7E0,8,06 36 2C 1A B1 84 F0 00
TransferData[45],CAN,0x7E0,8,06 36 2D 01 03 03 F0 00
TransferData[46],CAN,0x7E0,8,06 36 2E 01 03 0B B9 00
TransferData[47],CAN,0x7E0,8,06 36 2F 00 BE FE E7 00
TransferData[48],CAN,0x7E0,8,06 36 30 3B 7C 43 BB 00
TransferData[49],CAN,0x7E0,8,06 36 31 AB 69 43 F4 00
TransferData[50],CAN,0x7E0,8,06 36 32 00 23 AB 61 00
TransferData[51],CAN,0x7E0,8,06 36 33 AB 69 13 F4 00
TransferData[52],CAN,0x7E0,8,06 36 34 00 2F FB D0 00
TransferData[53],CAN,0x7E0,8,06 36 35 8C B1 DF F8 00
TransferData[54],CAN,0x7E0,8,06 36 36 4C 90 49 46 00
TransferData[55],CAN,0x7E0,8,06 36 37 28 46 00 F0 00
TransferData[56],CAN,0x7E0,8,06 36 38 53 FB 00 28 00
TransferData[57],CAN,0x7E0,8,06 36 39 F9 D0 3E 60 00
TransferData[58],CAN,0x7E0,8,06 36 3A 40 46 FF F7 00
TransferData[59],CAN,0x7E0,8,06 36 3B 0F FF 3B 7D 00
TransferData[60],CAN,0x7E0,8,06 36 3C 73 B9 01 36 00
TransferData[61],CAN,0x7E0,8,06 36 3D 01 3C 00 2C 00
TransferData[62],CAN,0x7E0,8,06 36 3E EF D1 AB 69 00
TransferData[63],CAN,0x7E0,8,06 36 3F 23 F4 00 23 00
TransferData[64],CAN,0x7E0,8,06 36 40 AB 61 AB 69 00
TransferData[65],CAN,0x7E0,8,06 36 41 13 F4 00 2F 00
TransferData[66],CAN,0x7E0,8,06 36 42 FB D1 00 20 00
TransferData[67],CAN,0x7E0,8,06 36 43 BD E8 F8 83 00
TransferData[68],CAN,0x7E0,8,06 36 44 02 36 02 3C 00
TransferData[69],CAN,0x7E0,8,06 36 45 EF E7 02 20 00
TransferData[70],CAN,0x7E0,8,06 36 46 BD E8 F8 83 00
TransferData[71],CAN,0x7E0,8,06 36 47 2C 32 01 00 00
TransferData[72],CAN,0x7E0,8,06 36 48 14 00 00 20 00
TransferData[73],CAN,0x7E0,8,06 36 49 17 00 02 00 00
TransferData[74],CAN,0x7E0,8,06 36 4A 02 28 01 D9 00
TransferData[75],CAN,0x7E0,8,06 36 4B 00 BE FE E7 00
TransferData[76],CAN,0x7E0,8,06 36 4C 3D 4B 53 F8 00
TransferData[77],CAN,0x7E0,8,06 36 4D 20 30 33 B1 00
TransferData[78],CAN,0x7E0,8,06 36 4E 1A 7C 0A B1 00
TransferData[79],CAN,0x7E0,8,06 36 4F 02 20 70 47 00
TransferData[80],CAN,0x7E0,8,06 36 50 5B 7C 00 2B 00
TransferData[81],CAN,0x7E0,8,06 36 51 6D D1 2D E9 00
TransferData[82],CAN,0x7E0,8,06 36 52 F0 41 82 B0 00
TransferData[83],CAN,0x7E0,8,06 36 53 0D 46 37 4B 00
TransferData[84],CAN,0x7E0,8,06 36 54 53 F8 20 40 00
TransferData[85],CAN,0x7E0,8,06 36 55 01 A9 36 4B 00
TransferData[86],CAN,0x7E0,8,06 36 56 18 5C FF F7 00
TransferData[87],CAN,0x7E0,8,06 36 57 1B FA 01 9F 00
TransferData[88],CAN,0x7E0,8,06 36 58 0F B9 00 BE 00
TransferData[89],CAN,0x7E0,8,06 36 59 FE E7 AB 00 00
TransferData[90],CAN,0x7E0,8,06 36 5A 9F 42 01 D2 00
TransferData[91],CAN,0x7E0,8,06 36 5B 00 BE FE E7 00
TransferData[92],CAN,0x7E0,8,06 36 5C B7 FB F3 F3 00
TransferData[93],CAN,0x7E0,8,06 36 5D 9B B2 99 00 00
TransferData[94],CAN,0x7E0,8,06 36 5E B7 FB F1 F1 00
TransferData[95],CAN,0x7E0,8,06 36 5F 8D 42 34 BF 00
TransferData[96],CAN,0x7E0,8,06 36 60 49 1B 69 1A 00
TransferData[97],CAN,0x7E0,8,06 36 61 B7 FB F5 F8 00
TransferData[98],CAN,0x7E0,8,06 36 62 B8 F1 20 0F 00
TransferData[99],CAN,0x7E0,8,06 36 63 28 BF 4F F0 00
TransferData[100],CAN,0x7E0,8,06 36 64 20 08 B8 F1 00
TransferData[101],CAN,0x7E0,8,06 36 65 04 0F 26 D9 00
TransferData[102],CAN,0x7E0,8,06 36 66 4F F0 05 0E 00
TransferData[103],CAN,0x7E0,8,06 36 67 04 22 76 46 00
TransferData[104],CAN,0x7E0,8,06 36 68 0E FB 05 FC 00
TransferData[105],CAN,0x7E0,8,06 36 69 B7 FB FC FC 00
TransferData[106],CAN,0x7E0,8,06 36 6A 1F FA 8C FC 00
TransferData[107],CAN,0x7E0,8,06 36 6B 06 FB 0C F0 00
TransferData[108],CAN,0x7E0,8,06 36 6C B7 FB F0 F0 00
TransferData[109],CAN,0x7E0,8,06 36 6D 85 42 34 BF 00
TransferData[110],CAN,0x7E0,8,06 36 6E 40 1B 28 1A 00
TransferData[111],CAN,0x7E0,8,06 36 6F 88 42 02 D8 00
TransferData[112],CAN,0x7E0,8,06 36 70 01 46 72 46 00
TransferData[113],CAN,0x7E0,8,06 36 71 63 46 01 36 00
TransferData[114],CAN,0x7E0,8,06 36 72 B6 B2 B6 46 00
TransferData[115],CAN,0x7E0,8,06 36 73 B0 45 E7 D2 00
TransferData[116],CAN,0x7E0,8,06 36 74 07 2A 03 D8 00
TransferData[117],CAN,0x7E0,8,06 36 75 21 69 41 F4 00
TransferData[118],CAN,0x7E0,8,06 36 76 00 31 21 61 00
TransferData[119],CAN,0x7E0,8,06 36 77 01 3A 1F 2A 00
TransferData[120],CAN,0x7E0,8,06 36 78 03 D9 00 BE 00
TransferData[121],CAN,0x7E0,8,06 36 79 FE E7 04 22 00
TransferData[122],CAN,0x7E0,8,06 36 7A F4 E7 21 69 00
TransferData[123],CAN,0x7E0,8,06 36 7B 21 F0 F8 51 00
TransferData[124],CAN,0x7E0,8,06 36 7C 12 06 02 F0 00
TransferData[125],CAN,0x7E0,8,06 36 7D F8 52 0A 43 00
TransferData[126],CAN,0x7E0,8,06 36 7E 22 61 5A 1E 00
TransferData[127],CAN,0x7E0,8,06 36 7F 41 F6 FE 71 00
TransferData[128],CAN,0x7E0,8,06 36 80 8A 42 01 D9 00
TransferData[129],CAN,0x7E0,8,06 36 81 00 BE FE E7 00
TransferData[130],CAN,0x7E0,8,06 36 82 22 69 22 F4 00
TransferData[131],CAN,0x7E0,8,06 36 83 FF 52 22 F0 00
TransferData[132],CAN,0x7E0,8,06 36 84 1F 02 C3 F3 00
TransferData[133],CAN,0x7E0,8,06 36 85 0C 03 13 43 00
TransferData[134],CAN,0x7E0,8,06 36 86 23 61 00 20 00
TransferData[135],CAN,0x7E0,8,06 36 87 02 B0 BD E8 00
TransferData[136],CAN,0x7E0,8,06 36 88 F0 81 02 20 00
TransferData[137],CAN,0x7E0,8,06 36 89 70 47 00 BF 00
TransferData[138],CAN,0x7E0,8,06 36 8A 14 00 00 20 00
TransferData[139],CAN,0x7E0,8,06 36 8B 2C 32 01 00 00
TransferData[140],CAN,0x7E0,8,06 36 8C 38 32 01 00 00
TransferData[141],CAN,0x7E0,8,06 36 8D 02 28 01 D9 00
TransferData[142],CAN,0x7E0,8,06 36 8E 00 BE FE E7 00
TransferData[143],CAN,0x7E0,8,06 36 8F 09 B9 00 BE 00
TransferData[144],CAN,0x7E0,8,06 36 90 FE E7 0A B9 00
TransferData[145],CAN,0x7E0,8,06 36 91 00 BE FE E7 00
TransferData[146],CAN,0x7E0,8,06 36 92 F0 B5 83 B0 00
TransferData[147],CAN,0x7E0,8,06 36 93 14 46 0D 46 00
TransferData[148],CAN,0x7E0,8,06 36 94 06 46 41 4B 00
TransferData[149],CAN,0x7E0,8,06 36 95 53 F8 20 70 00
TransferData[150],CAN,0x7E0,8,06 36 96 01 A9 40 4B 00
TransferData[151],CAN,0x7E0,8,06 36 97 18 5C FF F7 00
TransferData[152],CAN,0x7E0,8,06 36 98 99 F9 01 9B 00
TransferData[153],CAN,0x7E0,8,06 36 99 0B B9 00 BE 00
TransferData[154],CAN,0x7E0,8,06 36 9A FE E7 3D 4B 00
TransferData[155],CAN,0x7E0,8,06 36 9B 53 F8 26 20 00
TransferData[156],CAN,0x7E0,8,06 36 9C B2 FA 82 F2 00
TransferData[157],CAN,0x7E0,8,06 36 9D 52 09 13 46 00
TransferData[158],CAN,0x7E0,8,06 36 9E 0A B9 00 BE 00
TransferData[159],CAN,0x7E0,8,06 36 9F FE E7 E2 79 00
TransferData[160],CAN,0x7E0,8,06 36 A0 1A B9 A3 79 00
TransferData[161],CAN,0x7E0,8,06 36 A1 B3 FA 83 F3 00
TransferData[162],CAN,0x7E0,8,06 36 A2 5B 09 1A 46 00
TransferData[163],CAN,0x7E0,8,06 36 A3 0B B9 00 BE 00
TransferData[164],CAN,0x7E0,8,06 36 A4 FE E7 A3 79 00
TransferData[165],CAN,0x7E0,8,06 36 A5 02 2B 03 D1 00
TransferData[166],CAN,0x7E0,8,06 36 A6 22 79 B2 FA 00
TransferData[167],CAN,0x7E0,8,06 36 A7 82 F2 52 09 00
TransferData[168],CAN,0x7E0,8,06 36 A8 0A B9 00 BE 00
TransferData[169],CAN,0x7E0,8,06 36 A9 FE E7 6B 1E 00
TransferData[170],CAN,0x7E0,8,06 36 AA 05 F1 33 01 00
TransferData[171],CAN,0x7E0,8,06 36 AB 00 22 03 F8 00
TransferData[172],CAN,0x7E0,8,06 36 AC 01 2F 8B 42 00
TransferData[173],CAN,0x7E0,8,06 36 AD FB D1 2A 4B 00
TransferData[174],CAN,0x7E0,8,06 36 AE 43 F8 26 50 00
TransferData[175],CAN,0x7E0,8,06 36 AF E3 79 85 F8 00
TransferData[176],CAN,0x7E0,8,06 36 B0 28 30 A3 79 00
TransferData[177],CAN,0x7E0,8,06 36 B1 2B 75 23 7A 00
TransferData[178],CAN,0x7E0,8,06 36 B2 85 F8 29 30 00
TransferData[179],CAN,0x7E0,8,06 36 B3 63 7A 85 F8 00
TransferData[180],CAN,0x7E0,8,06 36 B4 2A 30 38 46 00
TransferData[181],CAN,0x7E0,8,06 36 B5 00 F0 84 F9 00
TransferData[182],CAN,0x7E0,8,06 36 B6 21 68 30 46 00
TransferData[183],CAN,0x7E0,8,06 36 B7 FF F7 24 FF 00
TransferData[184],CAN,0x7E0,8,06 36 B8 23 79 83 B3 00
TransferData[185],CAN,0x7E0,8,06 36 B9 01 22 A1 79 00
TransferData[186],CAN,0x7E0,8,06 36 BA 38 46 00 F0 00
TransferData[187],CAN,0x7E0,8,06 36 BB 8B F9 21 79 00
TransferData[188],CAN,0x7E0,8,06 36 BC 38 46 00 F0 00
TransferData[189],CAN,0x7E0,8,06 36 BD 9F F9 3B 69 00
TransferData[190],CAN,0x7E0,8,06 36 BE 62 79 23 F4 00
TransferData[191],CAN,0x7E0,8,06 36 BF 00 53 43 EA 00
TransferData[192],CAN,0x7E0,8,06 36 C0 42 33 3B 61 00
TransferData[193],CAN,0x7E0,8,06 36 C1 00 24 EC 85 00
TransferData[194],CAN,0x7E0,8,06 36 C2 2C 86 21 46 00
TransferData[195],CAN,0x7E0,8,06 36 C3 05 F1 2B 00 00
TransferData[196],CAN,0x7E0,8,06 36 C4 00 F0 CE FB 00
TransferData[197],CAN,0x7E0,8,06 36 C5 07 46 21 46 00
TransferData[198],CAN,0x7E0,8,06 36 C6 05 F1 2C 00 00
TransferData[199],CAN,0x7E0,8,06 36 C7 00 F0 C8 FB 00
TransferData[200],CAN,0x7E0,8,06 36 C8 01 2F 16 D0 00
TransferData[201],CAN,0x7E0,8,06 36 C9 01 28 0C D0 00
TransferData[202],CAN,0x7E0,8,06 36 CA 0E 4B 9C 57 00
TransferData[203],CAN,0x7E0,8,06 36 CB 00 22 0E 4B 00
TransferData[204],CAN,0x7E0,8,06 36 CC 53 F8 26 10 00
TransferData[205],CAN,0x7E0,8,06 36 CD 20 46 FF F7 00
TransferData[206],CAN,0x7E0,8,06 36 CE 27 FD 20 46 00
TransferData[207],CAN,0x7E0,8,06 36 CF FF F7 54 FD 00
TransferData[208],CAN,0x7E0,8,06 36 D0 00 20 03 B0 00
TransferData[209],CAN,0x7E0,8,06 36 D1 F0 BD 00 22 00
TransferData[210],CAN,0x7E0,8,06 36 D2 A1 79 38 46 00
TransferData[211],CAN,0x7E0,8,06 36 D3 00 F0 5A F9 00
TransferData[212],CAN,0x7E0,8,06 36 D4 CD E7 38 46 00
TransferData[213],CAN,0x7E0,8,06 36 D5 F5 E7 00 BF 00
TransferData[214],CAN,0x7E0,8,06 36 D6 2C 32 01 00 00
TransferData[215],CAN,0x7E0,8,06 36 D7 38 32 01 00 00
TransferData[216],CAN,0x7E0,8,06 36 D8 14 00 00 20 00
TransferData[217],CAN,0x7E0,8,06 36 D9 3C 32 01 00 00
TransferData[218],CAN,0x7E0,8,06 36 DA A0 84 FF 1F 00
TransferData[219],CAN,0x7E0,8,06 36 DB 02 28 01 D9 00
TransferData[220],CAN,0x7E0,8,06 36 DC 00 BE FE E7 00
TransferData[221],CAN,0x7E0,8,06 36 DD F8 B5 04 46 00
TransferData[222],CAN,0x7E0,8,06 36 DE 8D 4B 53 F8 00
TransferData[223],CAN,0x7E0,8,06 36 DF 20 60 8D 4B 00
TransferData[224],CAN,0x7E0,8,06 36 E0 53 F8 20 50 00
TransferData[225],CAN,0x7E0,8,06 36 E1 8C 49 30 46 00
TransferData[226],CAN,0x7E0,8,06 36 E2 00 F0 FE F9 00
TransferData[227],CAN,0x7E0,8,06 36 E3 C0 B1 40 F2 00
TransferData[228],CAN,0x7E0,8,06 36 E4 01 63 2B 86 00
TransferData[229],CAN,0x7E0,8,06 36 E5 95 F8 28 30 00
TransferData[230],CAN,0x7E0,8,06 36 E6 01 2B 40 F0 00
TransferData[231],CAN,0x7E0,8,06 36 E7 E6 80 20 46 00
TransferData[232],CAN,0x7E0,8,06 36 E8 FF F7 D6 FD 00
TransferData[233],CAN,0x7E0,8,06 36 E9 AB 69 1B B1 00
TransferData[234],CAN,0x7E0,8,06 36 EA EA 69 03 21 00
TransferData[235],CAN,0x7E0,8,06 36 EB 28 46 98 47 00
TransferData[236],CAN,0x7E0,8,06 36 EC 73 69 23 F0 00
TransferData[237],CAN,0x7E0,8,06 36 ED C0 23 23 F4 00
TransferData[238],CAN,0x7E0,8,06 36 EE F8 13 43 F4 00
TransferData[239],CAN,0x7E0,8,06 36 EF 70 23 73 61 00
TransferData[240],CAN,0x7E0,8,06 36 F0 7E 49 30 46 00
TransferData[241],CAN,0x7E0,8,06 36 F1 00 F0 E0 F9 00
TransferData[242],CAN,0x7E0,8,06 36 F2 C0 B1 40 F2 00
TransferData[243],CAN,0x7E0,8,06 36 F3 03 63 2B 86 00
TransferData[244],CAN,0x7E0,8,06 36 F4 95 F8 28 30 00
TransferData[245],CAN,0x7E0,8,06 36 F5 01 2B 40 F0 00
TransferData[246],CAN,0x7E0,8,06 36 F6 CC 80 20 46 00
TransferData[247],CAN,0x7E0,8,06 36 F7 FF F7 B8 FD 00
TransferData[248],CAN,0x7E0,8,06 36 F8 AB 69 1B B1 00
TransferData[249],CAN,0x7E0,8,06 36 F9 EA 69 03 21 00
TransferData[250],CAN,0x7E0,8,06 36 FA 28 46 98 47 00
TransferData[251],CAN,0x7E0,8,06 36 FB 73 69 23 F0 00
TransferData[252],CAN,0x7E0,8,06 36 FC C0 23 23 F4 00
TransferData[253],CAN,0x7E0,8,06 36 FD F8 13 43 F4 00
TransferData[254],CAN,0x7E0,8,06 36 FE 70 23 73 61 00
TransferData[255],CAN,0x7E0,8,06 36 FF 70 49 30 46 00
TransferData[0],CAN,0x7E0,8,06 36 00 00 F0 C2 F9 00
TransferData[1],CAN,0x7E0,8,06 36 01 C0 B1 40 F2 00
TransferData[2],CAN,0x7E0,8,06 36 02 04 63 2B 86 00
TransferData[3],CAN,0x7E0,8,06 36 03 95 F8 28 30 00
TransferData[4],CAN,0x7E0,8,06 36 04 01 2B 40 F0 00
TransferData[5],CAN,0x7E0,8,06 36 05 B2 80 20 46 00
TransferData[6],CAN,0x7E0,8,06 36 06 FF F7 9A FD 00
TransferData[7],CAN,0x7E0,8,06 36 07 AB 69 1B B1 00
TransferData[8],CAN,0x7E0,8,06 36 08 EA 69 03 21 00
TransferData[9],CAN,0x7E0,8,06 36 09 28 46 98 47 00
TransferData[10],CAN,0x7E0,8,06 36 0A 73 69 23 F0 00
TransferData[11],CAN,0x7E0,8,06 36 0B C0 23 23 F4 00
TransferData[12],CAN,0x7E0,8,06 36 0C F8 13 43 F4 00
TransferData[13],CAN,0x7E0,8,06 36 0D 70 23 73 61 00
TransferData[14],CAN,0x7E0,8,06 36 0E 62 49 30 46 00
TransferData[15],CAN,0x7E0,8,06 36 0F 00 F0 A4 F9 00
TransferData[16],CAN,0x7E0,8,06 36 10 C0 B1 40 F2 00
TransferData[17],CAN,0x7E0,8,06 36 11 05 63 2B 86 00
TransferData[18],CAN,0x7E0,8,06 36 12 95 F8 28 30 00
TransferData[19],CAN,0x7E0,8,06 36 13 01 2B 40 F0 00
TransferData[20],CAN,0x7E0,8,06 36 14 98 80 20 46 00
TransferData[21],CAN,0x7E0,8,06 36 15 FF F7 7C FD 00
TransferData[22],CAN,0x7E0,8,06 36 16 AB 69 1B B1 00
TransferData[23],CAN,0x7E0,8,06 36 17 EA 69 03 21 00
TransferData[24],CAN,0x7E0,8,06 36 18 28 46 98 47 00
TransferData[25],CAN,0x7E0,8,06 36 19 73 69 23 F0 00
TransferData[26],CAN,0x7E0,8,06 36 1A C0 23 23 F4 00
TransferData[27],CAN,0x7E0,8,06 36 1B F8 13 43 F4 00
TransferData[28],CAN,0x7E0,8,06 36 1C 70 23 73 61 00
TransferData[29],CAN,0x7E0,8,06 36 1D 54 49 30 46 00
TransferData[30],CAN,0x7E0,8,06 36 1E 00 F0 61 F9 00
TransferData[31],CAN,0x7E0,8,06 36 1F 30 B3 53 49 00
TransferData[32],CAN,0x7E0,8,06 36 20 30 46 00 F0 00
TransferData[33],CAN,0x7E0,8,06 36 21 81 F9 08 B3 00
TransferData[34],CAN,0x7E0,8,06 36 22 4A 4B 53 F8 00
TransferData[35],CAN,0x7E0,8,06 36 23 24 50 20 46 00
TransferData[36],CAN,0x7E0,8,06 36 24 FF F7 C4 FD 00
TransferData[37],CAN,0x7E0,8,06 36 25 2B 7D 00 2B 00
TransferData[38],CAN,0x7E0,8,06 36 26 77 D1 6B 68 00
TransferData[39],CAN,0x7E0,8,06 36 27 01 33 6B 60 00
TransferData[40],CAN,0x7E0,8,06 36 28 EB 68 01 3B 00
TransferData[41],CAN,0x7E0,8,06 36 29 EB 60 EB 68 00
TransferData[42],CAN,0x7E0,8,06 36 2A 2B B9 AB 69 00
TransferData[43],CAN,0x7E0,8,06 36 2B 1B B1 EA 69 00
TransferData[44],CAN,0x7E0,8,06 36 2C 00 21 28 46 00
TransferData[45],CAN,0x7E0,8,06 36 2D 98 47 EB 68 00
TransferData[46],CAN,0x7E0,8,06 36 2E 43 B9 20 46 00
TransferData[47],CAN,0x7E0,8,06 36 2F FF F7 48 FD 00
TransferData[48],CAN,0x7E0,8,06 36 30 AB 69 1B B1 00
TransferData[49],CAN,0x7E0,8,06 36 31 EA 69 02 21 00
TransferData[50],CAN,0x7E0,8,06 36 32 28 46 98 47 00
TransferData[51],CAN,0x7E0,8,06 36 33 40 49 30 46 00
TransferData[52],CAN,0x7E0,8,06 36 34 00 F0 35 F9 00
TransferData[53],CAN,0x7E0,8,06 36 35 60 B3 3F 49 00
TransferData[54],CAN,0x7E0,8,06 36 36 30 46 00 F0 00
TransferData[55],CAN,0x7E0,8,06 36 37 55 F9 38 B3 00
TransferData[56],CAN,0x7E0,8,06 36 38 34 4B 53 F8 00
TransferData[57],CAN,0x7E0,8,06 36 39 24 50 32 4B 00
TransferData[58],CAN,0x7E0,8,06 36 3A 53 F8 24 70 00
TransferData[59],CAN,0x7E0,8,06 36 3B AB 68 FB B1 00
TransferData[60],CAN,0x7E0,8,06 36 3C 20 46 FF F7 00
TransferData[61],CAN,0x7E0,8,06 36 3D 0B FD 2B 7D 00
TransferData[62],CAN,0x7E0,8,06 36 3E 00 2B 4D D1 00
TransferData[63],CAN,0x7E0,8,06 36 3F 2B 68 01 33 00
TransferData[64],CAN,0x7E0,8,06 36 40 2B 60 AB 68 00
TransferData[65],CAN,0x7E0,8,06 36 41 01 3B AB 60 00
TransferData[66],CAN,0x7E0,8,06 36 42 AB 68 8B B9 00
TransferData[67],CAN,0x7E0,8,06 36 43 2B 6A 1B B1 00
TransferData[68],CAN,0x7E0,8,06 36 44 6A 6A 01 21 00
TransferData[69],CAN,0x7E0,8,06 36 45 28 46 98 47 00
TransferData[70],CAN,0x7E0,8,06 36 46 AB 68 4B B9 00
TransferData[71],CAN,0x7E0,8,06 36 47 00 22 2C 49 00
TransferData[72],CAN,0x7E0,8,06 36 48 38 46 00 F0 00
TransferData[73],CAN,0x7E0,8,06 36 49 D4 F8 01 22 00
TransferData[74],CAN,0x7E0,8,06 36 4A 2B 49 38 46 00
TransferData[75],CAN,0x7E0,8,06 36 4B 00 F0 CF F8 00
TransferData[76],CAN,0x7E0,8,06 36 4C 29 49 30 46 00
TransferData[77],CAN,0x7E0,8,06 36 4D 00 F0 03 F9 00
TransferData[78],CAN,0x7E0,8,06 36 4E B0 B1 28 49 00
TransferData[79],CAN,0x7E0,8,06 36 4F 30 46 00 F0 00
TransferData[80],CAN,0x7E0,8,06 36 50 23 F9 88 B1 00
TransferData[81],CAN,0x7E0,8,06 36 51 1B 4B 53 F8 00
TransferData[82],CAN,0x7E0,8,06 36 52 24 50 AB 68 00
TransferData[83],CAN,0x7E0,8,06 36 53 63 B9 95 F8 00
TransferData[84],CAN,0x7E0,8,06 36 54 28 30 01 2B 00
TransferData[85],CAN,0x7E0,8,06 36 55 27 D1 20 46 00
TransferData[86],CAN,0x7E0,8,06 36 56 FF F7 70 FC 00
TransferData[87],CAN,0x7E0,8,06 36 57 2B 6A 1B B1 00
TransferData[88],CAN,0x7E0,8,06 36 58 6A 6A 02 21 00
TransferData[89],CAN,0x7E0,8,06 36 59 28 46 98 47 00
TransferData[90],CAN,0x7E0,8,06 36 5A F8 BD 20 46 00
TransferData[91],CAN,0x7E0,8,06 36 5B FF F7 24 FD 00
TransferData[92],CAN,0x7E0,8,06 36 5C 18 E7 20 46 00
TransferData[93],CAN,0x7E0,8,06 36 5D FF F7 20 FD 00
TransferData[94],CAN,0x7E0,8,06 36 5E 32 E7 20 46 00
TransferData[95],CAN,0x7E0,8,06 36 5F FF F7 1C FD 00
TransferData[96],CAN,0x7E0,8,06 36 60 4C E7 20 46 00
TransferData[97],CAN,0x7E0,8,06 36 61 FF F7 18 FD 00
TransferData[98],CAN,0x7E0,8,06 36 62 66 E7 6B 68 00
TransferData[99],CAN,0x7E0,8,06 36 63 02 33 6B 60 00
TransferData[100],CAN,0x7E0,8,06 36 64 EB 68 02 3B 00
TransferData[101],CAN,0x7E0,8,06 36 65 EB 60 86 E7 00
TransferData[102],CAN,0x7E0,8,06 36 66 2B 68 02 33 00
TransferData[103],CAN,0x7E0,8,06 36 67 2B 60 AB 68 00
TransferData[104],CAN,0x7E0,8,06 36 68 02 3B AB 60 00
TransferData[105],CAN,0x7E0,8,06 36 69 B0 E7 20 46 00
TransferData[106],CAN,0x7E0,8,06 36 6A FF F7 7E FC 00
TransferData[107],CAN,0x7E0,8,06 36 6B D6 E7 00 BF 00
TransferData[108],CAN,0x7E0,8,06 36 6C 2C 32 01 00 00
TransferData[109],CAN,0x7E0,8,06 36 6D 14 00 00 20 00
TransferData[110],CAN,0x7E0,8,06 36 6E 13 00 02 00 00
TransferData[111],CAN,0x7E0,8,06 36 6F 11 00 02 00 00
TransferData[112],CAN,0x7E0,8,06 36 70 10 00 02 00 00
TransferData[113],CAN,0x7E0,8,06 36 71 12 00 02 00 00
TransferData[114],CAN,0x7E0,8,06 36 72 15 00 03 00 00
TransferData[115],CAN,0x7E0,8,06 36 73 15 00 02 00 00
TransferData[116],CAN,0x7E0,8,06 36 74 17 00 03 00 00
TransferData[117],CAN,0x7E0,8,06 36 75 17 00 02 00 00
TransferData[118],CAN,0x7E0,8,06 36 76 16 00 03 00 00
TransferData[119],CAN,0x7E0,8,06 36 77 16 00 02 00 00
TransferData[120],CAN,0x7E0,8,06 36 78 06 4B 03 61 00
TransferData[121],CAN,0x7E0,8,06 36 79 06 4B 43 61 00
TransferData[122],CAN,0x7E0,8,06 36 7A 00 23 83 61 00
TransferData[123],CAN,0x7E0,8,06 36 7B 03 62 43 62 00
TransferData[124],CAN,0x7E0,8,06 36 7C 4F F4 70 32 00
TransferData[125],CAN,0x7E0,8,06 36 7D 82 62 C3 62 00
TransferData[126],CAN,0x7E0,8,06 36 7E 70 47 00 BF 00
TransferData[127],CAN,0x7E0,8,06 36 7F 04 00 00 0F 00
TransferData[128],CAN,0x7E0,8,06 36 80 00 C0 1F C0 00
TransferData[129],CAN,0x7E0,8,06 36 81 10 B4 0C 46 00
TransferData[130],CAN,0x7E0,8,06 36 82 02 B1 4C 1C 00
TransferData[131],CAN,0x7E0,8,06 36 83 02 2C 0C D0 00
TransferData[132],CAN,0x7E0,8,06 36 84 83 69 23 F0 00
TransferData[133],CAN,0x7E0,8,06 36 85 10 03 43 EA 00
TransferData[134],CAN,0x7E0,8,06 36 86 04 13 83 61 00
TransferData[135],CAN,0x7E0,8,06 36 87 03 69 23 F0 00
TransferData[136],CAN,0x7E0,8,06 36 88 00 53 03 61 00
TransferData[137],CAN,0x7E0,8,06 36 89 5D F8 04 4B 00
TransferData[138],CAN,0x7E0,8,06 36 8A 70 47 03 69 00
TransferData[139],CAN,0x7E0,8,06 36 8B 43 F0 00 53 00
TransferData[140],CAN,0x7E0,8,06 36 8C 03 61 F7 E7 00
TransferData[141],CAN,0x7E0,8,06 36 8D 82 69 01 F0 00
TransferData[142],CAN,0x7E0,8,06 36 8E FE 03 22 F0 00
TransferData[143],CAN,0x7E0,8,06 36 8F 02 02 13 43 00
TransferData[144],CAN,0x7E0,8,06 36 90 83 61 83 69 00
TransferData[145],CAN,0x7E0,8,06 36 91 23 F0 01 03 00
TransferData[146],CAN,0x7E0,8,06 36 92 01 F0 01 01 00
TransferData[147],CAN,0x7E0,8,06 36 93 19 43 81 61 00
TransferData[148],CAN,0x7E0,8,06 36 94 70 47 83 69 00
TransferData[149],CAN,0x7E0,8,06 36 95 C1 F3 00 22 00
TransferData[150],CAN,0x7E0,8,06 36 96 23 F0 80 43 00
TransferData[151],CAN,0x7E0,8,06 36 97 43 EA 82 73 00
TransferData[152],CAN,0x7E0,8,06 36 98 83 61 C9 B2 00
TransferData[153],CAN,0x7E0,8,06 36 99 01 77 70 47 00
TransferData[154],CAN,0x7E0,8,06 36 9A 83 69 23 F0 00
TransferData[155],CAN,0x7E0,8,06 36 9B 80 43 C1 F3 00
TransferData[156],CAN,0x7E0,8,06 36 9C 00 22 43 EA 00
TransferData[157],CAN,0x7E0,8,06 36 9D 82 73 23 F0 00
TransferData[158],CAN,0x7E0,8,06 36 9E 00 43 C1 F3 00
TransferData[159],CAN,0x7E0,8,06 36 9F 40 22 43 EA 00
TransferData[160],CAN,0x7E0,8,06 36 A0 C2 73 83 61 00
TransferData[161],CAN,0x7E0,8,06 36 A1 C9 B2 01 77 00
TransferData[162],CAN,0x7E0,8,06 36 A2 70 47 09 B9 00
TransferData[163],CAN,0x7E0,8,06 36 A3 00 BE FE E7 00
TransferData[164],CAN,0x7E0,8,06 36 A4 10 B4 83 69 00
TransferData[165],CAN,0x7E0,8,06 36 A5 DB 0F 1B 02 00
TransferData[166],CAN,0x7E0,8,06 36 A6 0B 80 C2 69 00
TransferData[167],CAN,0x7E0,8,06 36 A7 D2 B2 13 43 00
TransferData[168],CAN,0x7E0,8,06 36 A8 0B 80 5D F8 00
TransferData[169],CAN,0x7E0,8,06 36 A9 04 4B 70 47 00
TransferData[170],CAN,0x7E0,8,06 36 AA 0A 46 09 B9 00
TransferData[171],CAN,0x7E0,8,06 36 AB 00 BE FE E7 00
TransferData[172],CAN,0x7E0,8,06 36 AC 83 69 5B 0D 00
TransferData[173],CAN,0x7E0,8,06 36 AD 03 F4 00 73 00
TransferData[174],CAN,0x7E0,8,06 36 AE 0B 80 81 69 00
TransferData[175],CAN,0x7E0,8,06 36 AF C9 0F 43 EA 00
TransferData[176],CAN,0x7E0,8,06 36 B0 01 23 13 80 00
TransferData[177],CAN,0x7E0,8,06 36 B1 C1 69 C9 B2 00
TransferData[178],CAN,0x7E0,8,06 36 B2 0B 43 13 80 00
TransferData[179],CAN,0x7E0,8,06 36 B3 70 47 10 B4 00
TransferData[180],CAN,0x7E0,8,06 36 B4 8B B2 09 0C 00
TransferData[181],CAN,0x7E0,8,06 36 B5 01 39 06 29 00
TransferData[182],CAN,0x7E0,8,06 36 B6 0E D8 DF E8 00
TransferData[183],CAN,0x7E0,8,06 36 B7 01 F0 04 0D 00
TransferData[184],CAN,0x7E0,8,06 36 B8 10 0D 0D 1A 00
TransferData[185],CAN,0x7E0,8,06 36 B9 24 00 01 69 00
TransferData[186],CAN,0x7E0,8,06 36 BA 01 24 9C 40 00
TransferData[187],CAN,0x7E0,8,06 36 BB 21 EA 04 01 00
TransferData[188],CAN,0x7E0,8,06 36 BC 02 FA 03 F3 00
TransferData[189],CAN,0x7E0,8,06 36 BD 0B 43 03 61 00
TransferData[190],CAN,0x7E0,8,06 36 BE 5D F8 04 4B 00
TransferData[191],CAN,0x7E0,8,06 36 BF 70 47 81 69 00
TransferData[192],CAN,0x7E0,8,06 36 C0 01 24 9C 40 00
TransferData[193],CAN,0x7E0,8,06 36 C1 21 EA 04 01 00
TransferData[194],CAN,0x7E0,8,06 36 C2 02 FA 03 F3 00
TransferData[195],CAN,0x7E0,8,06 36 C3 0B 43 83 61 00
TransferData[196],CAN,0x7E0,8,06 36 C4 F2 E7 41 6A 00
TransferData[197],CAN,0x7E0,8,06 36 C5 01 24 9C 40 00
TransferData[198],CAN,0x7E0,8,06 36 C6 21 EA 04 01 00
TransferData[199],CAN,0x7E0,8,06 36 C7 02 FA 03 F3 00
TransferData[200],CAN,0x7E0,8,06 36 C8 0B 43 43 62 00
TransferData[201],CAN,0x7E0,8,06 36 C9 E8 E7 81 6A 00
TransferData[202],CAN,0x7E0,8,06 36 CA 01 24 9C 40 00
TransferData[203],CAN,0x7E0,8,06 36 CB 21 F4 40 31 00
TransferData[204],CAN,0x7E0,8,06 36 CC 21 EA 04 01 00
TransferData[205],CAN,0x7E0,8,06 36 CD 02 FA 03 F3 00
TransferData[206],CAN,0x7E0,8,06 36 CE 0B 43 83 62 00
TransferData[207],CAN,0x7E0,8,06 36 CF DC E7 0B 0C 00
TransferData[208],CAN,0x7E0,8,06 36 D0 01 3B 06 2B 00
TransferData[209],CAN,0x7E0,8,06 36 D1 1E D8 DF E8 00
TransferData[210],CAN,0x7E0,8,06 36 D2 03 F0 04 1D 00
TransferData[211],CAN,0x7E0,8,06 36 D3 0B 1D 1D 11 00
TransferData[212],CAN,0x7E0,8,06 36 D4 17 00 03 69 00
TransferData[213],CAN,0x7E0,8,06 36 D5 88 B2 23 FA 00
TransferData[214],CAN,0x7E0,8,06 36 D6 00 F0 00 F0 00
TransferData[215],CAN,0x7E0,8,06 36 D7 01 00 70 47 00
TransferData[216],CAN,0x7E0,8,06 36 D8 80 69 89 B2 00
TransferData[217],CAN,0x7E0,8,06 36 D9 C8 40 00 F0 00
TransferData[218],CAN,0x7E0,8,06 36 DA 01 00 70 47 00
TransferData[219],CAN,0x7E0,8,06 36 DB 40 6A 89 B2 00
TransferData[220],CAN,0x7E0,8,06 36 DC C8 40 00 F0 00
TransferData[221],CAN,0x7E0,8,06 36 DD 01 00 70 47 00
TransferData[222],CAN,0x7E0,8,06 36 DE 80 6A 89 B2 00
TransferData[223],CAN,0x7E0,8,06 36 DF C8 40 00 F0 00
TransferData[224],CAN,0x7E0,8,06 36 E0 01 00 70 47 00
TransferData[225],CAN,0x7E0,8,06 36 E1 00 20 70 47 00
TransferData[226],CAN,0x7E0,8,06 36 E2 0B 0C 02 3B 00
TransferData[227],CAN,0x7E0,8,06 36 E3 05 2B 1D D8 00
TransferData[228],CAN,0x7E0,8,06 36 E4 DF E8 03 F0 00
TransferData[229],CAN,0x7E0,8,06 36 E5 03 1C 0A 1C 00
TransferData[230],CAN,0x7E0,8,06 36 E6 10 16 43 69 00
TransferData[231],CAN,0x7E0,8,06 36 E7 88 B2 23 FA 00
TransferData[232],CAN,0x7E0,8,06 36 E8 00 F0 00 F0 00
TransferData[233],CAN,0x7E0,8,06 36 E9 01 00 70 47 00
TransferData[234],CAN,0x7E0,8,06 36 EA C0 69 89 B2 00
TransferData[235],CAN,0x7E0,8,06 36 EB C8 40 00 F0 00
TransferData[236],CAN,0x7E0,8,06 36 EC 01 00 70 47 00
TransferData[237],CAN,0x7E0,8,06 36 ED 40 6A 89 B2 00
TransferData[238],CAN,0x7E0,8,06 36 EE C8 40 00 F0 00
TransferData[239],CAN,0x7E0,8,06 36 EF 01 00 70 47 00
TransferData[240],CAN,0x7E0,8,06 36 F0 80 6A 89 B2 00
TransferData[241],CAN,0x7E0,8,06 36 F1 C8 40 00 F0 00
TransferData[242],CAN,0x7E0,8,06 36 F2 01 00 70 47 00
TransferData[243],CAN,0x7E0,8,06 36 F3 00 20 70 47 00
TransferData[244],CAN,0x7E0,8,06 36 F4 38 B5 05 46 00
TransferData[245],CAN,0x7E0,8,06 36 F5 0C 46 0A 46 00
TransferData[246],CAN,0x7E0,8,06 36 F6 09 49 FF F7 00
TransferData[247],CAN,0x7E0,8,06 36 F7 78 FF 22 46 00
TransferData[248],CAN,0x7E0,8,06 36 F8 08 49 28 46 00
TransferData[249],CAN,0x7E0,8,06 36 F9 FF F7 73 FF 00
TransferData[250],CAN,0x7E0,8,06 36 FA 22 46 07 49 00
TransferData[251],CAN,0x7E0,8,06 36 FB 28 46 FF F7 00
TransferData[252],CAN,0x7E0,8,06 36 FC 6E FF 22 46 00
TransferData[253],CAN,0x7E0,8,06 36 FD 05 49 28 46 00
TransferData[254],CAN,0x7E0,8,06 36 FE FF F7 69 FF 00
TransferData[255],CAN,0x7E0,8,06 36 FF 38 BD 00 BF 00
TransferData[0],CAN,0x7E0,8,06 36 00 1B 00 03 00 00
TransferData[1],CAN,0x7E0,8,06 36 01 18 00 03 00 00
TransferData[2],CAN,0x7E0,8,06 36 02 1A 00 03 00 00
TransferData[3],CAN,0x7E0,8,06 36 03 19 00 03 00 00
TransferData[4],CAN,0x7E0,8,06 36 04 08 B5 00 20 00
TransferData[5],CAN,0x7E0,8,06 36 05 FF F7 AA FD 00
TransferData[6],CAN,0x7E0,8,06 36 06 08 BD 08 B5 00
TransferData[7],CAN,0x7E0,8,06 36 07 01 20 FF F7 00
TransferData[8],CAN,0x7E0,8,06 36 08 A5 FD 08 BD 00
TransferData[9],CAN,0x7E0,8,06 36 09 08 B5 02 20 00
TransferData[10],CAN,0x7E0,8,06 36 0A FF F7 A0 FD 00
TransferData[11],CAN,0x7E0,8,06 36 0B 08 BD 60 B1 00
TransferData[12],CAN,0x7E0,8,06 36 0C 70 B5 06 46 00
TransferData[13],CAN,0x7E0,8,06 36 0D 0C 46 00 25 00
TransferData[14],CAN,0x7E0,8,06 36 0E 20 46 00 F0 00
TransferData[15],CAN,0x7E0,8,06 36 0F 47 F8 01 35 00
TransferData[16],CAN,0x7E0,8,06 36 10 18 34 AE 42 00
TransferData[17],CAN,0x7E0,8,06 36 11 F8 D1 00 20 00
TransferData[18],CAN,0x7E0,8,06 36 12 70 BD 00 20 00
TransferData[19],CAN,0x7E0,8,06 36 13 70 47 41 60 00
TransferData[20],CAN,0x7E0,8,06 36 14 70 47 81 60 00
TransferData[21],CAN,0x7E0,8,06 36 15 70 47 C1 60 00
TransferData[22],CAN,0x7E0,8,06 36 16 70 47 00 00 00
TransferData[23],CAN,0x7E0,8,06 36 17 19 4B 98 42 00
TransferData[24],CAN,0x7E0,8,06 36 18 1E D1 10 29 00
TransferData[25],CAN,0x7E0,8,06 36 19 2A D8 DF E8 00
TransferData[26],CAN,0x7E0,8,06 36 1A 01 F0 09 0C 00
TransferData[27],CAN,0x7E0,8,06 36 1B 29 29 29 29 00
TransferData[28],CAN,0x7E0,8,06 36 1C 29 29 29 29 00
TransferData[29],CAN,0x7E0,8,06 36 1D 29 29 29 0F 00
TransferData[30],CAN,0x7E0,8,06 36 1E 12 15 18 00 00
TransferData[31],CAN,0x7E0,8,06 36 1F 42 F0 01 00 00
TransferData[32],CAN,0x7E0,8,06 36 20 70 47 42 F0 00
TransferData[33],CAN,0x7E0,8,06 36 21 02 00 70 47 00
TransferData[34],CAN,0x7E0,8,06 36 22 42 F0 04 00 00
TransferData[35],CAN,0x7E0,8,06 36 23 70 47 42 F0 00
TransferData[36],CAN,0x7E0,8,06 36 24 08 00 70 47 00
TransferData[37],CAN,0x7E0,8,06 36 25 02 F0 0E 00 00
TransferData[38],CAN,0x7E0,8,06 36 26 70 47 02 F0 00
TransferData[39],CAN,0x7E0,8,06 36 27 0D 00 70 47 00
TransferData[40],CAN,0x7E0,8,06 36 28 09 4B 98 42 00
TransferData[41],CAN,0x7E0,8,06 36 29 0C D1 19 B1 00
TransferData[42],CAN,0x7E0,8,06 36 2A 01 29 04 D0 00
TransferData[43],CAN,0x7E0,8,06 36 2B FF 20 70 47 00
TransferData[44],CAN,0x7E0,8,06 36 2C 02 F0 0B 00 00
TransferData[45],CAN,0x7E0,8,06 36 2D 70 47 02 F0 00
TransferData[46],CAN,0x7E0,8,06 36 2E 07 00 70 47 00
TransferData[47],CAN,0x7E0,8,06 36 2F FF 20 70 47 00
TransferData[48],CAN,0x7E0,8,06 36 30 FF 20 70 47 00
TransferData[49],CAN,0x7E0,8,06 36 31 00 A0 04 40 00
TransferData[50],CAN,0x7E0,8,06 36 32 00 B0 04 40 00
TransferData[51],CAN,0x7E0,8,06 36 33 38 B5 04 46 00
TransferData[52],CAN,0x7E0,8,06 36 34 00 68 03 1C 00
TransferData[53],CAN,0x7E0,8,06 36 35 18 BF 01 23 00
TransferData[54],CAN,0x7E0,8,06 36 36 0B B9 00 BE 00
TransferData[55],CAN,0x7E0,8,06 36 37 FE E7 1A 46 00
TransferData[56],CAN,0x7E0,8,06 36 38 E3 7A 01 2B 00
TransferData[57],CAN,0x7E0,8,06 36 39 02 D0 32 B9 00
TransferData[58],CAN,0x7E0,8,06 36 3A 00 BE FE E7 00
TransferData[59],CAN,0x7E0,8,06 36 3B 22 69 00 32 00
TransferData[60],CAN,0x7E0,8,06 36 3C 18 BF 01 22 00
TransferData[61],CAN,0x7E0,8,06 36 3D F7 E7 61 68 00
TransferData[62],CAN,0x7E0,8,06 36 3E 1F 29 01 D9 00
TransferData[63],CAN,0x7E0,8,06 36 3F 00 BE FE E7 00
TransferData[64],CAN,0x7E0,8,06 36 40 50 F8 21 20 00
TransferData[65],CAN,0x7E0,8,06 36 41 25 7A 01 2D 00
TransferData[66],CAN,0x7E0,8,06 36 42 58 D0 1D B1 00
TransferData[67],CAN,0x7E0,8,06 36 43 02 2D 5A D0 00
TransferData[68],CAN,0x7E0,8,06 36 44 00 BE FE E7 00
TransferData[69],CAN,0x7E0,8,06 36 45 22 F0 02 02 00
TransferData[70],CAN,0x7E0,8,06 36 46 65 7A 2D 01 00
TransferData[71],CAN,0x7E0,8,06 36 47 05 F0 10 05 00
TransferData[72],CAN,0x7E0,8,06 36 48 22 F0 50 02 00
TransferData[73],CAN,0x7E0,8,06 36 49 2A 43 A5 7A 00
TransferData[74],CAN,0x7E0,8,06 36 4A AD 01 05 F0 00
TransferData[75],CAN,0x7E0,8,06 36 4B 40 05 2A 43 00
TransferData[76],CAN,0x7E0,8,06 36 4C 22 F4 E0 65 00
TransferData[77],CAN,0x7E0,8,06 36 4D 08 2B 12 D1 00
TransferData[78],CAN,0x7E0,8,06 36 4E 31 4B 5A 68 00
TransferData[79],CAN,0x7E0,8,06 36 4F 02 F0 0F 02 00
TransferData[80],CAN,0x7E0,8,06 36 50 FF F7 8C FF 00
TransferData[81],CAN,0x7E0,8,06 36 51 FF 28 41 D0 00
TransferData[82],CAN,0x7E0,8,06 36 52 2D 4A 53 68 00
TransferData[83],CAN,0x7E0,8,06 36 53 23 F0 0F 03 00
TransferData[84],CAN,0x7E0,8,06 36 54 53 60 51 68 00
TransferData[85],CAN,0x7E0,8,06 36 55 00 F0 0F 03 00
TransferData[86],CAN,0x7E0,8,06 36 56 0B 43 53 60 00
TransferData[87],CAN,0x7E0,8,06 36 57 00 23 1B 02 00
TransferData[88],CAN,0x7E0,8,06 36 58 03 F4 E0 63 00
TransferData[89],CAN,0x7E0,8,06 36 59 2B 43 22 7B 00
TransferData[90],CAN,0x7E0,8,06 36 5A D2 03 92 B2 00
TransferData[91],CAN,0x7E0,8,06 36 5B 23 F4 78 23 00
TransferData[92],CAN,0x7E0,8,06 36 5C 13 43 62 7B 00
TransferData[93],CAN,0x7E0,8,06 36 5D 12 04 02 F4 00
TransferData[94],CAN,0x7E0,8,06 36 5E 70 22 13 43 00
TransferData[95],CAN,0x7E0,8,06 36 5F A2 7B 0A B1 00
TransferData[96],CAN,0x7E0,8,06 36 60 43 F0 80 73 00
TransferData[97],CAN,0x7E0,8,06 36 61 22 68 61 68 00
TransferData[98],CAN,0x7E0,8,06 36 62 42 F8 21 30 00
TransferData[99],CAN,0x7E0,8,06 36 63 21 68 D1 F8 00
TransferData[100],CAN,0x7E0,8,06 36 64 C0 30 60 68 00
TransferData[101],CAN,0x7E0,8,06 36 65 01 22 82 40 00
TransferData[102],CAN,0x7E0,8,06 36 66 23 EA 02 02 00
TransferData[103],CAN,0x7E0,8,06 36 67 E3 7B 83 40 00
TransferData[104],CAN,0x7E0,8,06 36 68 13 43 C1 F8 00
TransferData[105],CAN,0x7E0,8,06 36 69 C0 30 E3 7A 00
TransferData[106],CAN,0x7E0,8,06 36 6A 01 2B 18 D1 00
TransferData[107],CAN,0x7E0,8,06 36 6B 21 69 4B 69 00
TransferData[108],CAN,0x7E0,8,06 36 6C 22 7D 6A B1 00
TransferData[109],CAN,0x7E0,8,06 36 6D 01 2A 13 D0 00
TransferData[110],CAN,0x7E0,8,06 36 6E 00 BE FE E7 00
TransferData[111],CAN,0x7E0,8,06 36 6F 22 F0 01 02 00
TransferData[112],CAN,0x7E0,8,06 36 70 42 F0 02 02 00
TransferData[113],CAN,0x7E0,8,06 36 71 A8 E7 42 F0 00
TransferData[114],CAN,0x7E0,8,06 36 72 03 02 A5 E7 00
TransferData[115],CAN,0x7E0,8,06 36 73 00 23 C6 E7 00
TransferData[116],CAN,0x7E0,8,06 36 74 61 68 01 22 00
TransferData[117],CAN,0x7E0,8,06 36 75 8A 40 23 EA 00
TransferData[118],CAN,0x7E0,8,06 36 76 02 03 22 69 00
TransferData[119],CAN,0x7E0,8,06 36 77 53 61 38 BD 00
TransferData[120],CAN,0x7E0,8,06 36 78 60 68 01 22 00
TransferData[121],CAN,0x7E0,8,06 36 79 82 40 13 43 00
TransferData[122],CAN,0x7E0,8,06 36 7A 05 46 0A 68 00
TransferData[123],CAN,0x7E0,8,06 36 7B 01 20 A8 40 00
TransferData[124],CAN,0x7E0,8,06 36 7C 22 EA 00 00 00
TransferData[125],CAN,0x7E0,8,06 36 7D 62 7D AA 40 00
TransferData[126],CAN,0x7E0,8,06 36 7E 02 43 0A 60 00
TransferData[127],CAN,0x7E0,8,06 36 7F ED E7 00 BF 00
TransferData[128],CAN,0x7E0,8,06 36 80 00 80 04 40 00
TransferData[129],CAN,0x7E0,8,06 36 81 02 4A 13 68 00
TransferData[130],CAN,0x7E0,8,06 36 82 01 33 13 60 00
TransferData[131],CAN,0x7E0,8,06 36 83 70 47 00 BF 00
TransferData[132],CAN,0x7E0,8,06 36 84 20 00 00 20 00
TransferData[133],CAN,0x7E0,8,06 36 85 10 B5 82 B0 00
TransferData[134],CAN,0x7E0,8,06 36 86 04 46 00 20 00
TransferData[135],CAN,0x7E0,8,06 36 87 02 A9 41 F8 00
TransferData[136],CAN,0x7E0,8,06 36 88 04 0D FE F7 00
TransferData[137],CAN,0x7E0,8,06 36 89 B7 FD 08 B1 00
TransferData[138],CAN,0x7E0,8,06 36 8A 00 BE FE E7 00
TransferData[139],CAN,0x7E0,8,06 36 8B 01 9B 0B B9 00
TransferData[140],CAN,0x7E0,8,06 36 8C 00 BE FE E7 00
TransferData[141],CAN,0x7E0,8,06 36 8D 0F 4A 00 23 00
TransferData[142],CAN,0x7E0,8,06 36 8E 13 60 0F 49 00
TransferData[143],CAN,0x7E0,8,06 36 8F 01 9B A1 FB 00
TransferData[144],CAN,0x7E0,8,06 36 90 03 13 9B 09 00
TransferData[145],CAN,0x7E0,8,06 36 91 53 60 0D 4B 00
TransferData[146],CAN,0x7E0,8,06 36 92 1B 78 1B B1 00
TransferData[147],CAN,0x7E0,8,06 36 93 00 23 93 60 00
TransferData[148],CAN,0x7E0,8,06 36 94 0A 4A 13 70 00
TransferData[149],CAN,0x7E0,8,06 36 95 07 22 07 4B 00
TransferData[150],CAN,0x7E0,8,06 36 96 1A 60 09 4B 00
TransferData[151],CAN,0x7E0,8,06 36 97 1A 68 1B 68 00
TransferData[152],CAN,0x7E0,8,06 36 98 9B 1A A3 42 00
TransferData[153],CAN,0x7E0,8,06 36 99 04 D2 06 49 00
TransferData[154],CAN,0x7E0,8,06 36 9A 0B 68 9B 1A 00
TransferData[155],CAN,0x7E0,8,06 36 9B 9C 42 FB D8 00
TransferData[156],CAN,0x7E0,8,06 36 9C 02 B0 10 BD 00
TransferData[157],CAN,0x7E0,8,06 36 9D 10 E0 00 E0 00
TransferData[158],CAN,0x7E0,8,06 36 9E D3 4D 62 10 00
TransferData[159],CAN,0x7E0,8,06 36 9F AC 84 FF 1F 00
TransferData[160],CAN,0x7E0,8,06 36 A0 20 00 00 20 00
TransferData[161],CAN,0x7E0,8,06 36 A1 08 B9 00 BE 00
TransferData[162],CAN,0x7E0,8,06 36 A2 FE E7 10 B5 00
TransferData[163],CAN,0x7E0,8,06 36 A3 04 46 FF F7 00
TransferData[164],CAN,0x7E0,8,06 36 A4 CD F9 23 78 00
TransferData[165],CAN,0x7E0,8,06 36 A5 DB B2 FF 2B 00
TransferData[166],CAN,0x7E0,8,06 36 A6 08 D0 23 78 00
TransferData[167],CAN,0x7E0,8,06 36 A7 01 33 DB B2 00
TransferData[168],CAN,0x7E0,8,06 36 A8 23 70 00 24 00
TransferData[169],CAN,0x7E0,8,06 36 A9 FF F7 B4 F9 00
TransferData[170],CAN,0x7E0,8,06 36 AA 20 46 10 BD 00
TransferData[171],CAN,0x7E0,8,06 36 AB 01 24 F9 E7 00
TransferData[172],CAN,0x7E0,8,06 36 AC 08 B9 00 BE 00
TransferData[173],CAN,0x7E0,8,06 36 AD FE E7 38 B5 00
TransferData[174],CAN,0x7E0,8,06 36 AE 04 46 0D 46 00
TransferData[175],CAN,0x7E0,8,06 36 AF FF F7 B6 F9 00
TransferData[176],CAN,0x7E0,8,06 36 B0 25 70 FF F7 00
TransferData[177],CAN,0x7E0,8,06 36 B1 A5 F9 00 20 00
TransferData[178],CAN,0x7E0,8,06 36 B2 38 BD 00 00 00
TransferData[179],CAN,0x7E0,8,06 36 B3 F8 B5 1C 48 00
TransferData[180],CAN,0x7E0,8,06 36 B4 FE F7 6A F9 00
TransferData[181],CAN,0x7E0,8,06 36 B5 1B 49 08 20 00
TransferData[182],CAN,0x7E0,8,06 36 B6 FF F7 A9 FE 00
TransferData[183],CAN,0x7E0,8,06 36 B7 00 F0 3E F8 00
TransferData[184],CAN,0x7E0,8,06 36 B8 00 F0 8C F8 00
TransferData[185],CAN,0x7E0,8,06 36 B9 18 4D 28 46 00
TransferData[186],CAN,0x7E0,8,06 36 BA 00 F0 94 F8 00
TransferData[187],CAN,0x7E0,8,06 36 BB 17 4C 20 46 00
TransferData[188],CAN,0x7E0,8,06 36 BC 00 F0 90 F8 00
TransferData[189],CAN,0x7E0,8,06 36 BD 16 48 00 F0 00
TransferData[190],CAN,0x7E0,8,06 36 BE 8D F8 16 48 00
TransferData[191],CAN,0x7E0,8,06 36 BF 00 F0 8A F8 00
TransferData[192],CAN,0x7E0,8,06 36 C0 15 48 00 F0 00
TransferData[193],CAN,0x7E0,8,06 36 C1 87 F8 28 46 00
TransferData[194],CAN,0x7E0,8,06 36 C2 00 F0 84 F8 00
TransferData[195],CAN,0x7E0,8,06 36 C3 20 46 00 F0 00
TransferData[196],CAN,0x7E0,8,06 36 C4 81 F8 10 20 00
TransferData[197],CAN,0x7E0,8,06 36 C5 00 F0 32 F8 00
TransferData[198],CAN,0x7E0,8,06 36 C6 0F 20 00 F0 00
TransferData[199],CAN,0x7E0,8,06 36 C7 43 F8 01 24 00
TransferData[200],CAN,0x7E0,8,06 36 C8 25 46 0F 27 00
TransferData[201],CAN,0x7E0,8,06 36 C9 00 26 03 E0 00
TransferData[202],CAN,0x7E0,8,06 36 CA 38 46 00 F0 00
TransferData[203],CAN,0x7E0,8,06 36 CB 4F F8 34 46 00
TransferData[204],CAN,0x7E0,8,06 36 CC 28 46 FF F7 00
TransferData[205],CAN,0x7E0,8,06 36 CD 6F FF 01 34 00
TransferData[206],CAN,0x7E0,8,06 36 CE A4 B2 C7 2C 00
TransferData[207],CAN,0x7E0,8,06 36 CF F8 D9 F3 E7 00
TransferData[208],CAN,0x7E0,8,06 36 D0 B0 84 FF 1F 00
TransferData[209],CAN,0x7E0,8,06 36 D1 74 85 FF 1F 00
TransferData[210],CAN,0x7E0,8,06 36 D2 68 32 01 00 00
TransferData[211],CAN,0x7E0,8,06 36 D3 40 32 01 00 00
TransferData[212],CAN,0x7E0,8,06 36 D4 6C 32 01 00 00
TransferData[213],CAN,0x7E0,8,06 36 D5 84 32 01 00 00
TransferData[214],CAN,0x7E0,8,06 36 D6 90 32 01 00 00
TransferData[215],CAN,0x7E0,8,06 36 D7 10 B5 06 4C 00
TransferData[216],CAN,0x7E0,8,06 36 D8 4F F4 00 41 00
TransferData[217],CAN,0x7E0,8,06 36 D9 20 46 FF F7 00
TransferData[218],CAN,0x7E0,8,06 36 DA 72 FE 4F F4 00
TransferData[219],CAN,0x7E0,8,06 36 DB 80 31 20 46 00
TransferData[220],CAN,0x7E0,8,06 36 DC FF F7 6F FE 00
TransferData[221],CAN,0x7E0,8,06 36 DD 10 BD 00 BF 00
TransferData[222],CAN,0x7E0,8,06 36 DE C0 F0 0F 40 00
TransferData[223],CAN,0x7E0,8,06 36 DF 08 B5 0F 28 00
TransferData[224],CAN,0x7E0,8,06 36 E0 02 D0 10 28 00
TransferData[225],CAN,0x7E0,8,06 36 E1 06 D0 08 BD 00
TransferData[226],CAN,0x7E0,8,06 36 E2 4F F4 00 41 00
TransferData[227],CAN,0x7E0,8,06 36 E3 04 48 FF F7 00
TransferData[228],CAN,0x7E0,8,06 36 E4 5E FE 08 BD 00
TransferData[229],CAN,0x7E0,8,06 36 E5 4F F4 80 31 00
TransferData[230],CAN,0x7E0,8,06 36 E6 01 48 FF F7 00
TransferData[231],CAN,0x7E0,8,06 36 E7 58 FE F2 E7 00
TransferData[232],CAN,0x7E0,8,06 36 E8 C0 F0 0F 40 00
TransferData[233],CAN,0x7E0,8,06 36 E9 08 B5 0F 28 00
TransferData[234],CAN,0x7E0,8,06 36 EA 02 D0 10 28 00
TransferData[235],CAN,0x7E0,8,06 36 EB 06 D0 08 BD 00
TransferData[236],CAN,0x7E0,8,06 36 EC 4F F4 00 41 00
TransferData[237],CAN,0x7E0,8,06 36 ED 04 48 FF F7 00
TransferData[238],CAN,0x7E0,8,06 36 EE 4C FE 08 BD 00
TransferData[239],CAN,0x7E0,8,06 36 EF 4F F4 80 31 00
TransferData[240],CAN,0x7E0,8,06 36 F0 01 48 FF F7 00
TransferData[241],CAN,0x7E0,8,06 36 F1 46 FE F2 E7 00
TransferData[242],CAN,0x7E0,8,06 36 F2 C0 F0 0F 40 00
TransferData[243],CAN,0x7E0,8,06 36 F3 08 B5 0F 28 00
TransferData[244],CAN,0x7E0,8,06 36 F4 02 D0 10 28 00
TransferData[245],CAN,0x7E0,8,06 36 F5 06 D0 08 BD 00
TransferData[246],CAN,0x7E0,8,06 36 F6 4F F4 00 41 00
TransferData[247],CAN,0x7E0,8,06 36 F7 04 48 FF F7 00
TransferData[248],CAN,0x7E0,8,06 36 F8 3A FE 08 BD 00
TransferData[249],CAN,0x7E0,8,06 36 F9 4F F4 80 31 00
TransferData[250],CAN,0x7E0,8,06 36 FA 01 48 FF F7 00
TransferData[251],CAN,0x7E0,8,06 36 FB 34 FE F2 E7 00
TransferData[252],CAN,0x7E0,8,06 36 FC C0 F0 0F 40 00
TransferData[253],CAN,0x7E0,8,06 36 FD 08 B5 FF F7 00
TransferData[254],CAN,0x7E0,8,06 36 FE 69 FF 08 BD 00
TransferData[255],CAN,0x7E0,8,06 36 FF 08 B5 03 4A 00
TransferData[0],CAN,0x7E0,8,06 36 00 03 49 01 20 00
TransferData[1],CAN,0x7E0,8,06 36 01 FF F7 16 FB 00
TransferData[2],CAN,0x7E0,8,06 36 02 08 BD 00 BF 00
TransferData[3],CAN,0x7E0,8,06 36 03 68 85 FF 1F 00
TransferData[4],CAN,0x7E0,8,06 36 04 38 00 00 20 00
TransferData[5],CAN,0x7E0,8,06 36 05 10 B5 01 46 00
TransferData[6],CAN,0x7E0,8,06 36 06 03 78 53 B1 00
TransferData[7],CAN,0x7E0,8,06 36 07 03 46 00 22 00
TransferData[8],CAN,0x7E0,8,06 36 08 01 32 13 F8 00
TransferData[9],CAN,0x7E0,8,06 36 09 01 4F 00 2C 00
TransferData[10],CAN,0x7E0,8,06 36 0A FA D1 01 20 00
TransferData[11],CAN,0x7E0,8,06 36 0B FF F7 26 FA 00
TransferData[12],CAN,0x7E0,8,06 36 0C 10 BD 00 22 00
TransferData[13],CAN,0x7E0,8,06 36 0D F9 E7 00 00 00
TransferData[14],CAN,0x7E0,8,06 36 0E 00 00 00 00 00
TransferData[15],CAN,0x7E0,8,06 36 0F 00 00 00 00 00
TransferData[16],CAN,0x7E0,8,06 36 10 00 00 00 00 00
TransferData[17],CAN,0x7E0,8,06 36 11 00 00 00 00 00
TransferData[18],CAN,0x7E0,8,06 36 12 00 00 00 00 00
TransferData[19],CAN,0x7E0,8,06 36 13 00 00 00 00 00
TransferData[20],CAN,0x7E0,8,06 36 14 00 00 00 00 00
TransferData[21],CAN,0x7E0,8,06 36 15 00 00 00 00 00
TransferData[22],CAN,0x7E0,8,06 36 16 00 00 00 00 00
TransferData[23],CAN,0x7E0,8,06 36 17 00 00 00 00 00
TransferData[24],CAN,0x7E0,8,06 36 18 00 00 00 00 00
TransferData[25],CAN,0x7E0,8,06 36 19 00 00 00 00 00
TransferData[26],CAN,0x7E0,8,06 36 1A 00 00 00 00 00
TransferData[27],CAN,0x7E0,8,06 36 1B 00 00 00 00 00
TransferData[28],CAN,0x7E0,8,06 36 1C 00 00 00 00 00
TransferData[29],CAN,0x7E0,8,06 36 1D 00 00 00 00 00
TransferData[30],CAN,0x7E0,8,06 36 1E 00 00 00 00 00
TransferData[31],CAN,0x7E0,8,06 36 1F 00 00 00 00 00
TransferData[32],CAN,0x7E0,8,06 36 20 00 00 00 00 00
TransferData[33],CAN,0x7E0,8,06 36 21 00 00 00 00 00
TransferData[34],CAN,0x7E0,8,06 36 22 00 00 73 00 00
TransferData[35],CAN,0x7E0,8,06 36 23 32 00 21 00 00
TransferData[36],CAN,0x7E0,8,06 36 24 61 00 49 00 00
TransferData[37],CAN,0x7E0,8,06 36 25 4A 00 4B 00 00
TransferData[38],CAN,0x7E0,8,06 36 26 4C 00 4D 00 00
TransferData[39],CAN,0x7E0,8,06 36 27 3D 00 00 00 00
TransferData[40],CAN,0x7E0,8,06 36 28 24 00 25 00 00
TransferData[41],CAN,0x7E0,8,06 36 29 2B 00 36 00 00
TransferData[42],CAN,0x7E0,8,06 36 2A 31 00 00 00 00
TransferData[43],CAN,0x7E0,8,06 36 2B 20 00 00 00 00
TransferData[44],CAN,0x7E0,8,06 36 2C 38 00 39 00 00
TransferData[45],CAN,0x7E0,8,06 36 2D 3A 00 26 00 00
TransferData[46],CAN,0x7E0,8,06 36 2E 00 00 3B 00 00
TransferData[47],CAN,0x7E0,8,06 36 2F 27 00 5A 00 00
TransferData[48],CAN,0x7E0,8,06 36 30 66 00 37 00 00
TransferData[49],CAN,0x7E0,8,06 36 31 2C 00 2D 00 00
TransferData[50],CAN,0x7E0,8,06 36 32 2E 00 40 00 00
TransferData[51],CAN,0x7E0,8,06 36 33 6A 00 6B 00 00
TransferData[52],CAN,0x7E0,8,06 36 34 6C 00 00 00 00
TransferData[53],CAN,0x7E0,8,06 36 35 00 00 00 00 00
TransferData[54],CAN,0x7E0,8,06 36 36 00 00 00 00 00
TransferData[55],CAN,0x7E0,8,06 36 37 00 00 00 00 00
TransferData[56],CAN,0x7E0,8,06 36 38 00 00 00 00 00
TransferData[57],CAN,0x7E0,8,06 36 39 00 FC AC 06 00
TransferData[58],CAN,0x7E0,8,06 36 3A 00 7E 56 03 00
TransferData[59],CAN,0x7E0,8,06 36 3B 00 3F AB 01 00
TransferData[60],CAN,0x7E0,8,06 36 3C 00 FC AC 06 00
TransferData[61],CAN,0x7E0,8,06 36 3D 00 7E 56 03 00
TransferData[62],CAN,0x7E0,8,06 36 3E 00 3F AB 01 00
TransferData[63],CAN,0x7E0,8,06 36 3F 00 FC AC 06 00
TransferData[64],CAN,0x7E0,8,06 36 40 00 7E 56 03 00
TransferData[65],CAN,0x7E0,8,06 36 41 00 3F AB 01 00
TransferData[66],CAN,0x7E0,8,06 36 42 00 00 00 00 00
TransferData[67],CAN,0x7E0,8,06 36 43 00 00 00 00 00
TransferData[68],CAN,0x7E0,8,06 36 44 00 00 00 00 00
TransferData[69],CAN,0x7E0,8,06 36 45 00 00 00 00 00
TransferData[70],CAN,0x7E0,8,06 36 46 00 00 00 00 00
TransferData[71],CAN,0x7E0,8,06 36 47 00 00 00 00 00
TransferData[72],CAN,0x7E0,8,06 36 48 00 FC AC 06 00
TransferData[73],CAN,0x7E0,8,06 36 49 00 7E 56 03 00
TransferData[74],CAN,0x7E0,8,06 36 4A 00 3F AB 01 00
TransferData[75],CAN,0x7E0,8,06 36 4B 00 00 00 00 00
TransferData[76],CAN,0x7E0,8,06 36 4C 00 00 00 00 00
TransferData[77],CAN,0x7E0,8,06 36 4D 00 00 00 00 00
TransferData[78],CAN,0x7E0,8,06 36 4E 00 B4 C4 04 00
TransferData[79],CAN,0x7E0,8,06 36 4F 00 6C DC 02 00
TransferData[80],CAN,0x7E0,8,06 36 50 B0 F3 96 01 00
TransferData[81],CAN,0x7E0,8,06 36 51 00 B4 C4 04 00
TransferData[82],CAN,0x7E0,8,06 36 52 00 6C DC 02 00
TransferData[83],CAN,0x7E0,8,06 36 53 B0 F3 96 01 00
TransferData[84],CAN,0x7E0,8,06 36 54 00 B4 C4 04 00
TransferData[85],CAN,0x7E0,8,06 36 55 00 6C DC 02 00
TransferData[86],CAN,0x7E0,8,06 36 56 B0 F3 96 01 00
TransferData[87],CAN,0x7E0,8,06 36 57 00 00 00 00 00
TransferData[88],CAN,0x7E0,8,06 36 58 00 00 00 00 00
TransferData[89],CAN,0x7E0,8,06 36 59 00 00 00 00 00
TransferData[90],CAN,0x7E0,8,06 36 5A 00 00 00 00 00
TransferData[91],CAN,0x7E0,8,06 36 5B 00 00 00 00 00
TransferData[92],CAN,0x7E0,8,06 36 5C 00 00 00 00 00
TransferData[93],CAN,0x7E0,8,06 36 5D 00 B4 C4 04 00
TransferData[94],CAN,0x7E0,8,06 36 5E 00 5A 62 02 00
TransferData[95],CAN,0x7E0,8,06 36 5F B0 F3 96 01 00
TransferData[96],CAN,0x7E0,8,06 36 60 00 00 00 00 00
TransferData[97],CAN,0x7E0,8,06 36 61 00 00 00 00 00
TransferData[98],CAN,0x7E0,8,06 36 62 00 00 00 00 00
TransferData[99],CAN,0x7E0,8,06 36 63 00 09 3D 00 00
TransferData[100],CAN,0x7E0,8,06 36 64 00 09 3D 00 00
TransferData[101],CAN,0x7E0,8,06 36 65 40 42 0F 00 00
TransferData[102],CAN,0x7E0,8,06 36 66 00 09 3D 00 00
TransferData[103],CAN,0x7E0,8,06 36 67 00 09 3D 00 00
TransferData[104],CAN,0x7E0,8,06 36 68 40 42 0F 00 00
TransferData[105],CAN,0x7E0,8,06 36 69 00 09 3D 00 00
TransferData[106],CAN,0x7E0,8,06 36 6A 00 09 3D 00 00
TransferData[107],CAN,0x7E0,8,06 36 6B 40 42 0F 00 00
TransferData[108],CAN,0x7E0,8,06 36 6C 00 00 00 00 00
TransferData[109],CAN,0x7E0,8,06 36 6D 00 00 00 00 00
TransferData[110],CAN,0x7E0,8,06 36 6E 00 00 00 00 00
TransferData[111],CAN,0x7E0,8,06 36 6F 00 00 00 00 00
TransferData[112],CAN,0x7E0,8,06 36 70 00 00 00 00 00
TransferData[113],CAN,0x7E0,8,06 36 71 00 00 00 00 00
TransferData[114],CAN,0x7E0,8,06 36 72 00 09 3D 00 00
TransferData[115],CAN,0x7E0,8,06 36 73 00 09 3D 00 00
TransferData[116],CAN,0x7E0,8,06 36 74 40 42 0F 00 00
TransferData[117],CAN,0x7E0,8,06 36 75 00 00 00 00 00
TransferData[118],CAN,0x7E0,8,06 36 76 00 00 00 00 00
TransferData[119],CAN,0x7E0,8,06 36 77 00 00 00 00 00
TransferData[120],CAN,0x7E0,8,06 36 78 00 00 00 00 00
TransferData[121],CAN,0x7E0,8,06 36 79 00 00 00 00 00
TransferData[122],CAN,0x7E0,8,06 36 7A 00 00 00 00 00
TransferData[123],CAN,0x7E0,8,06 36 7B 00 00 00 00 00
TransferData[124],CAN,0x7E0,8,06 36 7C 00 00 00 41 00
TransferData[125],CAN,0x7E0,8,06 36 7D 41 41 41 41 00
TransferData[126],CAN,0x7E0,8,06 36 7E 00 00 00 00 00
TransferData[127],CAN,0x7E0,8,06 36 7F 00 20 20 20 00
TransferData[128],CAN,0x7E0,8,06 36 80 20 20 20 20 00
TransferData[129],CAN,0x7E0,8,06 36 81 20 20 20 00 00
TransferData[130],CAN,0x7E0,8,06 36 82 40 40 40 40 00
TransferData[131],CAN,0x7E0,8,06 36 83 40 00 80 00 00
TransferData[132],CAN,0x7E0,8,06 36 84 48 48 48 48 00
TransferData[133],CAN,0x7E0,8,06 36 85 00 30 30 30 00
TransferData[134],CAN,0x7E0,8,06 36 86 30 30 30 30 00
TransferData[135],CAN,0x7E0,8,06 36 87 30 36 30 30 00
TransferData[136],CAN,0x7E0,8,06 36 88 30 00 00 00 00
TransferData[137],CAN,0x7E0,8,06 36 89 00 40 02 40 00
TransferData[138],CAN,0x7E0,8,06 36 8A 00 50 02 40 00
TransferData[139],CAN,0x7E0,8,06 36 8B 00 B0 02 40 00
TransferData[140],CAN,0x7E0,8,06 36 8C 00 A0 06 40 00
TransferData[141],CAN,0x7E0,8,06 36 8D 00 B0 06 40 00
TransferData[142],CAN,0x7E0,8,06 36 8E 00 C0 06 40 00
TransferData[143],CAN,0x7E0,8,06 36 8F 4A 4B 4C 00 00
TransferData[144],CAN,0x7E0,8,06 36 90 1F 21 23 00 00
TransferData[145],CAN,0x7E0,8,06 36 91 3D 3D 3D 3D 00
TransferData[146],CAN,0x7E0,8,06 36 92 3D 3D 3D 3D 00
TransferData[147],CAN,0x7E0,8,06 36 93 3D 3D 3D 3D 00
TransferData[148],CAN,0x7E0,8,06 36 94 3D 3D 3D 3D 00
TransferData[149],CAN,0x7E0,8,06 36 95 3D 3D 3D 3D 00
TransferData[150],CAN,0x7E0,8,06 36 96 3D 3D 3D 3D 00
TransferData[151],CAN,0x7E0,8,06 36 97 3D 3D 3D 3D 00
TransferData[152],CAN,0x7E0,8,06 36 98 3D 3D 3D 3D 00
TransferData[153],CAN,0x7E0,8,06 36 99 3D 3D 3D 3D 00
TransferData[154],CAN,0x7E0,8,06 36 9A 3D 3D 3D 3D 00
TransferData[155],CAN,0x7E0,8,06 36 9B 0D 0A 00 00 00
TransferData[156],CAN,0x7E0,8,06 36 9C 20 20 53 33 00
TransferData[157],CAN,0x7E0,8,06 36 9D 32 4B 31 34 00
TransferData[158],CAN,0x7E0,8,06 36 9E 34 20 41 70 00
TransferData[159],CAN,0x7E0,8,06 36 9F 70 20 52 75 00
TransferData[160],CAN,0x7E0,8,06 36 A0 6E 6E 69 6E 00
TransferData[161],CAN,0x7E0,8,06 36 A1 67 0D 0A 00 00
TransferData[162],CAN,0x7E0,8,06 36 A2 20 20 56 65 00
TransferData[163],CAN,0x7E0,8,06 36 A3 72 73 69 6F 00
TransferData[164],CAN,0x7E0,8,06 36 A4 6E 3A 20 00 00
TransferData[165],CAN,0x7E0,8,06 36 A5 56 31 2E 30 00
TransferData[166],CAN,0x7E0,8,06 36 A6 00 00 00 00 00
TransferData[167],CAN,0x7E0,8,06 36 A7 F8 B5 00 BF 00
TransferData[168],CAN,0x7E0,8,06 36 A8 F8 B5 00 BF 00
TransferData[169],CAN,0x7E0,8,06 36 A9 41 01 02 00 00
TransferData[170],CAN,0x7E0,8,06 36 AA 00 42 01 02 00
TransferData[171],CAN,0x7E0,8,06 36 AB 00 00 29 01 00
TransferData[172],CAN,0x7E0,8,06 36 AC 00 00 00 2A 00
TransferData[173],CAN,0x7E0,8,06 36 AD 01 00 00 00 00
TransferData[174],CAN,0x7E0,8,06 36 AE 2B 01 00 00 00
TransferData[175],CAN,0x7E0,8,06 36 AF 00 2C 01 00 00
TransferData[176],CAN,0x7E0,8,06 36 B0 00 00 34 01 00
TransferData[177],CAN,0x7E0,8,06 36 B1 00 00 00 35 00
TransferData[178],CAN,0x7E0,8,06 36 B2 01 00 00 00 00
TransferData[179],CAN,0x7E0,8,06 36 B3 36 01 00 00 00
TransferData[180],CAN,0x7E0,8,06 36 B4 00 43 01 02 00
TransferData[181],CAN,0x7E0,8,06 36 B5 00 00 3A 01 00
TransferData[182],CAN,0x7E0,8,06 36 B6 00 00 00 3C 00
TransferData[183],CAN,0x7E0,8,06 36 B7 01 02 00 00 00
TransferData[184],CAN,0x7E0,8,06 36 B8 3D 01 02 00 00
TransferData[185],CAN,0x7E0,8,06 36 B9 00 3E 01 02 00
TransferData[186],CAN,0x7E0,8,06 36 BA 00 00 3F 01 00
TransferData[187],CAN,0x7E0,8,06 36 BB 02 00 00 44 00
TransferData[188],CAN,0x7E0,8,06 36 BC 01 02 00 00 00
TransferData[189],CAN,0x7E0,8,06 36 BD 45 01 02 00 00
TransferData[190],CAN,0x7E0,8,06 36 BE 00 46 01 02 00
TransferData[191],CAN,0x7E0,8,06 36 BF 00 00 47 01 00
TransferData[192],CAN,0x7E0,8,06 36 C0 02 00 00 48 00
TransferData[193],CAN,0x7E0,8,06 36 C1 01 02 00 00 00
TransferData[194],CAN,0x7E0,8,06 36 C2 49 01 02 00 00
TransferData[195],CAN,0x7E0,8,06 36 C3 00 4A 01 02 00
TransferData[196],CAN,0x7E0,8,06 36 C4 00 00 4B 01 00
TransferData[197],CAN,0x7E0,8,06 36 C5 02 00 00 4C 00
TransferData[198],CAN,0x7E0,8,06 36 C6 01 02 00 00 00
TransferData[199],CAN,0x7E0,8,06 36 C7 37 01 00 00 00
TransferData[200],CAN,0x7E0,8,06 36 C8 00 38 01 00 00
TransferData[201],CAN,0x7E0,8,06 36 C9 00 00 2D 01 00
TransferData[202],CAN,0x7E0,8,06 36 CA 00 00 00 2E 00
TransferData[203],CAN,0x7E0,8,06 36 CB 01 00 00 00 00
TransferData[204],CAN,0x7E0,8,06 36 CC 2F 01 00 00 00
TransferData[205],CAN,0x7E0,8,06 36 CD 00 30 01 00 00
TransferData[206],CAN,0x7E0,8,06 36 CE 00 00 31 01 00
TransferData[207],CAN,0x7E0,8,06 36 CF 00 00 00 32 00
TransferData[208],CAN,0x7E0,8,06 36 D0 01 00 00 00 00
TransferData[209],CAN,0x7E0,8,06 36 D1 0D 2C 01 00 00
TransferData[210],CAN,0x7E0,8,06 36 D2 17 2C 01 00 00
TransferData[211],CAN,0x7E0,8,06 36 D3 21 2C 01 00 00
TransferData[212],CAN,0x7E0,8,06 36 D4 01 00 00 00 00
TransferData[213],CAN,0x7E0,8,06 36 D5 01 01 01 01 00
TransferData[214],CAN,0x7E0,8,06 36 D6 01 01 00 00 00
TransferData[215],CAN,0x7E0,8,06 36 D7 01 01 00 00 00
TransferData[216],CAN,0x7E0,8,06 36 D8 01 00 01 00 00
TransferData[217],CAN,0x7E0,8,06 36 D9 00 12 7A 00 00
TransferData[218],CAN,0x7E0,8,06 36 DA 00 01 00 03 00
TransferData[219],CAN,0x7E0,8,06 36 DB 01 01 00 00 00
TransferData[220],CAN,0x7E0,8,06 36 DC 00 01 00 00 00
TransferData[221],CAN,0x7E0,8,06 36 DD 00 00 18 00 00
TransferData[222],CAN,0x7E0,8,06 36 DE 02 03 00 00 00
TransferData[223],CAN,0x7E0,8,06 36 DF 01 00 00 00 00
TransferData[224],CAN,0x7E0,8,06 36 E0 00 00 00 00 00
TransferData[225],CAN,0x7E0,8,06 36 E1 00 00 00 00 00
TransferData[226],CAN,0x7E0,8,06 36 E2 03 01 03 01 00
TransferData[227],CAN,0x7E0,8,06 36 E3 01 06 03 00 00
TransferData[228],CAN,0x7E0,8,06 36 E4 01 02 03 01 00
TransferData[229],CAN,0x7E0,8,06 36 E5 01 06 00 01 00
TransferData[230],CAN,0x7E0,8,06 36 E6 01 01 00 00 00
TransferData[231],CAN,0x7E0,8,06 36 E7 01 03 00 01 00
TransferData[232],CAN,0x7E0,8,06 36 E8 01 00 00 00 00
TransferData[233],CAN,0x7E0,8,06 36 E9 00 00 00 00 00
TransferData[234],CAN,0x7E0,8,06 36 EA 00 00 00 00 00
TransferData[235],CAN,0x7E0,8,06 36 EB 00 00 00 00 00
TransferData[236],CAN,0x7E0,8,06 36 EC 00 00 00 00 00
TransferData[237],CAN,0x7E0,8,06 36 ED 00 00 00 00 00
TransferData[238],CAN,0x7E0,8,06 36 EE 00 00 00 00 00
TransferData[239],CAN,0x7E0,8,06 36 EF 00 00 00 00 00
TransferData[240],CAN,0x7E0,8,06 36 F0 00 00 00 00 00
TransferData[241],CAN,0x7E0,8,06 36 F1 01 01 01 00 00
TransferData[242],CAN,0x7E0,8,06 36 F2 01 01 01 01 00
TransferData[243],CAN,0x7E0,8,06 36 F3 00 00 00 00 00
TransferData[244],CAN,0x7E0,8,06 36 F4 09 00 00 00 00
TransferData[245],CAN,0x7E0,8,06 36 F5 38 85 FF 1F 00
TransferData[246],CAN,0x7E0,8,06 36 F6 01 01 00 00 00
TransferData[247],CAN,0x7E0,8,06 36 F7 4B 01 01 00 00
TransferData[248],CAN,0x7E0,8,06 36 F8 00 3A 01 00 00
TransferData[249],CAN,0x7E0,8,06 36 F9 00 00 32 01 00
TransferData[250],CAN,0x7E0,8,06 36 FA 00 00 00 36 00
TransferData[251],CAN,0x7E0,8,06 36 FB 01 00 00 00 00
TransferData[252],CAN,0x7E0,8,06 36 FC 2D 01 00 00 00
TransferData[253],CAN,0x7E0,8,06 36 FD 00 2E 01 00 00
TransferData[254],CAN,0x7E0,8,06 36 FE 00 00 2F 01 00
TransferData[255],CAN,0x7E0,8,06 36 FF 00 00 00 30 00
TransferData[0],CAN,0x7E0,8,06 36 00 01 00 00 00 00
TransferData[1],CAN,0x7E0,8,06 36 01 31 01 00 00 00
TransferData[2],CAN,0x7E0,8,06 36 02 00 00 00 00 00
TransferData[3],CAN,0x7E0,8,06 36 03 00 C2 01 00 00
TransferData[4],CAN,0x7E0,8,06 36 04 00 00 00 01 00
TransferData[5],CAN,0x7E0,8,06 36 05 00 00 00 00 00
TransferData[6],CAN,0x7E0,8,06 36 06 00 90 04 40 00
TransferData[7],CAN,0x7E0,8,06 36 07 04 00 00 00 00
TransferData[8],CAN,0x7E0,8,06 36 08 02 00 00 07 00
TransferData[9],CAN,0x7E0,8,06 36 09 00 00 00 00 00
TransferData[10],CAN,0x7E0,8,06 36 0A 00 00 00 00 00
TransferData[11],CAN,0x7E0,8,06 36 0B 00 00 00 00 00
TransferData[12],CAN,0x7E0,8,06 36 0C 00 B0 04 40 00
TransferData[13],CAN,0x7E0,8,06 36 0D 10 00 00 00 00
TransferData[14],CAN,0x7E0,8,06 36 0E 00 00 00 03 00
TransferData[15],CAN,0x7E0,8,06 36 0F 00 00 00 00 00
TransferData[16],CAN,0x7E0,8,06 36 10 00 00 00 00 00
TransferData[17],CAN,0x7E0,8,06 36 11 00 00 00 00 00
TransferData[18],CAN,0x7E0,8,06 36 12 00 B0 04 40 00
TransferData[19],CAN,0x7E0,8,06 36 13 11 00 00 00 00
TransferData[20],CAN,0x7E0,8,06 36 14 00 00 00 03 00
TransferData[21],CAN,0x7E0,8,06 36 15 00 00 00 00 00
TransferData[22],CAN,0x7E0,8,06 36 16 00 00 00 00 00
TransferData[23],CAN,0x7E0,8,06 36 17 00 00 00 00 00
TransferData[24],CAN,0x7E0,8,06 36 18 00 B0 04 40 00
TransferData[25],CAN,0x7E0,8,06 36 19 04 00 00 00 00
TransferData[26],CAN,0x7E0,8,06 36 1A 01 00 00 07 00
TransferData[27],CAN,0x7E0,8,06 36 1B 00 00 00 00 00
TransferData[28],CAN,0x7E0,8,06 36 1C 00 00 00 00 00
TransferData[29],CAN,0x7E0,8,06 36 1D 00 00 00 00 00
TransferData[30],CAN,0x7E0,8,06 36 1E 00 B0 04 40 00
TransferData[31],CAN,0x7E0,8,06 36 1F 06 00 00 00 00
TransferData[32],CAN,0x7E0,8,06 36 20 00 00 00 02 00
TransferData[33],CAN,0x7E0,8,06 36 21 00 00 00 00 00
TransferData[34],CAN,0x7E0,8,06 36 22 00 00 00 00 00
TransferData[35],CAN,0x7E0,8,06 36 23 00 00 00 00 00
TransferData[36],CAN,0x7E0,8,06 36 24 00 B0 04 40 00
TransferData[37],CAN,0x7E0,8,06 36 25 07 00 00 00 00
TransferData[38],CAN,0x7E0,8,06 36 26 00 00 00 02 00
TransferData[39],CAN,0x7E0,8,06 36 27 00 00 00 00 00
TransferData[40],CAN,0x7E0,8,06 36 28 00 00 00 00 00
TransferData[41],CAN,0x7E0,8,06 36 29 00 00 00 00 00
TransferData[42],CAN,0x7E0,8,06 36 2A 00 C0 04 40 00
TransferData[43],CAN,0x7E0,8,06 36 2B 0F 00 00 00 00
TransferData[44],CAN,0x7E0,8,06 36 2C 00 00 00 01 00
TransferData[45],CAN,0x7E0,8,06 36 2D 00 00 00 00 00
TransferData[46],CAN,0x7E0,8,06 36 2E C0 F0 0F 40 00
TransferData[47],CAN,0x7E0,8,06 36 2F 01 00 00 00 00
TransferData[48],CAN,0x7E0,8,06 36 30 00 C0 04 40 00
TransferData[49],CAN,0x7E0,8,06 36 31 10 00 00 00 00
TransferData[50],CAN,0x7E0,8,06 36 32 00 00 00 01 00
TransferData[51],CAN,0x7E0,8,06 36 33 00 00 00 00 00
TransferData[52],CAN,0x7E0,8,06 36 34 C0 F0 0F 40 00
TransferData[53],CAN,0x7E0,8,06 36 35 01 00 00 00 00
RequestTransferExit,CAN,0x7E0,8,01 37 00 00 00 00 00 00
WriteDID_CRC32,CAN,0x7E0,8,07 2E FF 01 7E 2F 09 5F
ECUReset,CAN,0x7E0,8,02 11 01 00 00 00 00 00
